Study_word,thisN,thisTrialN,thisRepN,slider.response,slider.rt,test_word,reference,old_new,fragment,textbox.text,mouse.x,mouse.y,mouse.leftButton,mouse.midButton,mouse.rightButton,mouse.time,mouse.clicked_name,trials.thisRepN,trials.thisTrialN,trials.thisN,trials.thisIndex,trials_2.thisRepN,trials_2.thisTrialN,trials_2.thisN,trials_2.thisIndex,thisRow.t,notes,trial.started,text.started,slider.started,trial.stopped,trials.slider.response,trials.slider.rt,Test_Routine.started,text_2.started,textbox.started,text_3.started,mouse.started,Test_Routine.stopped,trials_2.textbox.text,trials_2.mouse.x,trials_2.mouse.y,trials_2.mouse.leftButton,trials_2.mouse.midButton,trials_2.mouse.rightButton,trials_2.mouse.time,trials_2.mouse.clicked_name,participant,session,date,expName,expVersion,psychopyVersion,frameRate,expStart
king,0,0,0,2.455555556,1.2097159,,,,,,,,,,,,,0,0,0,5,,,,,0.0253859,,0.0166352,0.0253859,0.0253859,1.2425127,2.455555556,1.2097159,,,,,,,,,,,,,,,1,1,2025-11-03_20h25.21.186,Wordpriming exp.,,2025.1.1,60.10944728,2025-11-03 20h25.28.044976 +0530
teacher,1,1,0,3.255555556,0.812066,,,,,,,,,,,,,0,1,1,9,,,,,1.2581827,,1.2475227,1.2581827,1.2581827,2.0752234,3.255555556,0.812066,,,,,,,,,,,,,,,1,1,2025-11-03_20h25.21.186,Wordpriming exp.,,2025.1.1,60.10944728,2025-11-03 20h25.28.044976 +0530
apple,2,2,0,2.538888889,0.7315886,,,,,,,,,,,,,0,2,2,23,,,,,2.0910273,,2.0779042,2.0910273,2.0910273,2.8244006,2.538888889,0.7315886,,,,,,,,,,,,,,,1,1,2025-11-03_20h25.21.186,Wordpriming exp.,,2025.1.1,60.10944728,2025-11-03 20h25.28.044976 +0530
salt,3,3,0,2.538888889,0.5977302,,,,,,,,,,,,,0,3,3,17,,,,,2.8405683,,2.8269019,2.8405683,2.8405683,3.4406392,2.538888889,0.5977302,,,,,,,,,,,,,,,1,1,2025-11-03_20h25.21.186,Wordpriming exp.,,2025.1.1,60.10944728,2025-11-03 20h25.28.044976 +0530
sun,4,4,0,2.538888889,0.5820404,,,,,,,,,,,,,0,4,4,3,,,,,3.4566003,,3.4424938,3.4566003,3.4566003,4.0399969,2.538888889,0.5820404,,,,,,,,,,,,,,,1,1,2025-11-03_20h25.21.186,Wordpriming exp.,,2025.1.1,60.10944728,2025-11-03 20h25.28.044976 +0530
water,5,5,0,2.538888889,1.0801471,,,,,,,,,,,,,0,5,5,22,,,,,4.0565054,,4.0429163,4.0565054,4.0565054,5.1393969,2.538888889,1.0801471,,,,,,,,,,,,,,,1,1,2025-11-03_20h25.21.186,Wordpriming exp.,,2025.1.1,60.10944728,2025-11-03 20h25.28.044976 +0530
fire,6,6,0,1.727777778,1.1294796,,,,,,,,,,,,,0,6,6,14,,,,,5.1551626,,5.1432981,5.1551626,5.1551626,6.2883748,1.727777778,1.1294796,,,,,,,,,,,,,,,1,1,2025-11-03_20h25.21.186,Wordpriming exp.,,2025.1.1,60.10944728,2025-11-03 20h25.28.044976 +0530
flower,7,7,0,1.011111111,1.3975097,,,,,,,,,,,,,0,7,7,16,,,,,6.3041717,,6.2901017,6.3041717,6.3041717,7.7038377,1.011111111,1.3975097,,,,,,,,,,,,,,,1,1,2025-11-03_20h25.21.186,Wordpriming exp.,,2025.1.1,60.10944728,2025-11-03 20h25.28.044976 +0530
baby,8,8,0,1.977777778,1.746776,,,,,,,,,,,,,0,8,8,24,,,,,7.7197803,,7.7065355,7.7197803,7.7197803,9.4691563,1.977777778,1.746776,,,,,,,,,,,,,,,1,1,2025-11-03_20h25.21.186,Wordpriming exp.,,2025.1.1,60.10944728,2025-11-03 20h25.28.044976 +0530
car,9,9,0,2.383333333,1.2311704,,,,,,,,,,,,,0,9,9,8,,,,,9.4849337,,9.4708523,9.4849337,9.4849337,10.7177831,2.383333333,1.2311704,,,,,,,,,,,,,,,1,1,2025-11-03_20h25.21.186,Wordpriming exp.,,2025.1.1,60.10944728,2025-11-03 20h25.28.044976 +0530
bread,10,10,0,2.988888889,1.0471803,,,,,,,,,,,,,0,10,10,1,,,,,10.734035,,10.7207149,10.734035,10.734035,11.7839911,2.988888889,1.0471803,,,,,,,,,,,,,,,1,1,2025-11-03_20h25.21.186,Wordpriming exp.,,2025.1.1,60.10944728,2025-11-03 20h25.28.044976 +0530
table,11,11,0,1.633333333,0.9983853,,,,,,,,,,,,,0,11,11,4,,,,,11.7997083,,11.7861063,11.7997083,11.7997083,12.7997355,1.633333333,0.9983853,,,,,,,,,,,,,,,1,1,2025-11-03_20h25.21.186,Wordpriming exp.,,2025.1.1,60.10944728,2025-11-03 20h25.28.044976 +0530
rain,12,12,0,1.038888889,1.0315868,,,,,,,,,,,,,0,12,12,11,,,,,12.8158986,,12.8013369,12.8158986,12.8158986,13.8485442,1.038888889,1.0315868,,,,,,,,,,,,,,,1,1,2025-11-03_20h25.21.186,Wordpriming exp.,,2025.1.1,60.10944728,2025-11-03 20h25.28.044976 +0530
doctor,13,13,0,2.144444444,0.9647624,,,,,,,,,,,,,0,13,13,0,,,,,13.8647038,,13.8505733,13.8647038,13.8647038,14.8312354,2.144444444,0.9647624,,,,,,,,,,,,,,,1,1,2025-11-03_20h25.21.186,Wordpriming exp.,,2025.1.1,60.10944728,2025-11-03 20h25.28.044976 +0530
bird,14,14,0,3.627777778,0.9819581,,,,,,,,,,,,,0,14,14,12,,,,,14.8471132,,14.8328746,14.8471132,14.8471132,15.8304697,3.627777778,0.9819581,,,,,,,,,,,,,,,1,1,2025-11-03_20h25.21.186,Wordpriming exp.,,2025.1.1,60.10944728,2025-11-03 20h25.28.044976 +0530
day,15,15,0,4.344444444,0.8480478,,,,,,,,,,,,,0,15,15,10,,,,,15.846405,,15.8322754,15.846405,15.846405,16.6961953,4.344444444,0.8480478,,,,,,,,,,,,,,,1,1,2025-11-03_20h25.21.186,Wordpriming exp.,,2025.1.1,60.10944728,2025-11-03 20h25.28.044976 +0530
pen,16,16,0,2.316666667,0.8988201,,,,,,,,,,,,,0,16,16,7,,,,,16.7124176,,16.6979801,16.7124176,16.7124176,17.6124287,2.316666667,0.8988201,,,,,,,,,,,,,,,1,1,2025-11-03_20h25.21.186,Wordpriming exp.,,2025.1.1,60.10944728,2025-11-03 20h25.28.044976 +0530
music,17,17,0,3.255555556,0.914808,,,,,,,,,,,,,0,17,17,13,,,,,17.6280736,,17.6144183,17.6280736,17.6280736,18.544916,3.255555556,0.914808,,,,,,,,,,,,,,,1,1,2025-11-03_20h25.21.186,Wordpriming exp.,,2025.1.1,60.10944728,2025-11-03 20h25.28.044976 +0530
hot,18,18,0,1.661111111,1.2486258,,,,,,,,,,,,,0,18,18,6,,,,,18.5609243,,18.5465,18.5609243,18.5609243,19.8105452,1.661111111,1.2486258,,,,,,,,,,,,,,,1,1,2025-11-03_20h25.21.186,Wordpriming exp.,,2025.1.1,60.10944728,2025-11-03 20h25.28.044976 +0530
shoe,19,19,0,1.277777778,1.0483736,,,,,,,,,,,,,0,19,19,19,,,,,19.8264504,,19.812181,19.8264504,19.8264504,20.8761766,1.277777778,1.0483736,,,,,,,,,,,,,,,1,1,2025-11-03_20h25.21.186,Wordpriming exp.,,2025.1.1,60.10944728,2025-11-03 20h25.28.044976 +0530
cat,20,20,0,1.277777778,0.6484095,,,,,,,,,,,,,0,20,20,2,,,,,20.8918808,,20.8777642,20.8918808,20.8918808,21.5422281,1.277777778,0.6484095,,,,,,,,,,,,,,,1,1,2025-11-03_20h25.21.186,Wordpriming exp.,,2025.1.1,60.10944728,2025-11-03 20h25.28.044976 +0530
book,21,21,0,1.277777778,1.1983744,,,,,,,,,,,,,0,21,21,15,,,,,21.5580376,,21.54403,21.5580376,21.5580376,22.7580794,1.277777778,1.1983744,,,,,,,,,,,,,,,1,1,2025-11-03_20h25.21.186,Wordpriming exp.,,2025.1.1,60.10944728,2025-11-03 20h25.28.044976 +0530
phone,22,22,0,1.527777778,1.3311624,,,,,,,,,,,,,0,22,22,20,,,,,22.7740959,,22.7601493,22.7740959,22.7740959,24.1070043,1.527777778,1.3311624,,,,,,,,,,,,,,,1,1,2025-11-03_20h25.21.186,Wordpriming exp.,,2025.1.1,60.10944728,2025-11-03 20h25.28.044976 +0530
knife,23,23,0,1.877777778,1.4806498,,,,,,,,,,,,,0,23,23,18,,,,,24.1229406,,24.1088238,24.1229406,24.1229406,25.6057591,1.877777778,1.4806498,,,,,,,,,,,,,,,1,1,2025-11-03_20h25.21.186,Wordpriming exp.,,2025.1.1,60.10944728,2025-11-03 20h25.28.044976 +0530
eye,24,24,0,2.616666667,1.1484653,,,,,,,,,,,,,0,24,24,21,,,,,25.6216519,,25.6076428,25.6216519,25.6216519,26.7717884,2.616666667,1.1484653,,,,,,,,,,,,,,,1,1,2025-11-03_20h25.21.186,Wordpriming exp.,,2025.1.1,60.10944728,2025-11-03 20h25.28.044976 +0530
,0,0,0,,,bottle,None,new,b_t_le,"bottle
","[np.float64(0.0875), np.float64(0.09444444444444444), np.float64(0.059722222222222225)]","[np.float64(0.0), np.float64(-0.33194444444444443), np.float64(-0.2986111111111111)]","[1, 1, 1]","[0, 0, 0]","[0, 0, 0]","[1.9211578000104055, 7.383000899979379, 8.265122000011615]","[None, None, 'text_3']",,,,,0,0,0,27,26.8033911,,,,,,,,26.7826759,26.8033911,26.8033911,26.8033911,0.0108817,35.0479751,"bottle
","[np.float64(0.0875), np.float64(0.09444444444444444), np.float64(0.059722222222222225)]","[np.float64(0.0), np.float64(-0.33194444444444443), np.float64(-0.2986111111111111)]","[1, 1, 1]","[0, 0, 0]","[0, 0, 0]","[1.9211578000104055, 7.383000899979379, 8.265122000011615]","[None, None, 'text_3']",1,1,2025-11-03_20h25.21.186,Wordpriming exp.,,2025.1.1,60.10944728,2025-11-03 20h25.28.044976 +0530
,1,1,0,,,cold,hot,old,c__d,cold,"[np.float64(0.03194444444444444), np.float64(0.02638888888888889)]","[np.float64(0.02361111111111111), np.float64(-0.31527777777777777)]","[1, 1]","[0, 0]","[0, 0]","[1.247745800006669, 4.445019599981606]","[None, 'text_3']",,,,,0,1,1,6,35.063865,,,,,,,,35.0496751,35.063865,35.063865,35.063865,0.0015941,39.4948939,cold,"[np.float64(0.03194444444444444), np.float64(0.02638888888888889)]","[np.float64(0.02361111111111111), np.float64(-0.31527777777777777)]","[1, 1]","[0, 0]","[0, 0]","[1.247745800006669, 4.445019599981606]","[None, 'text_3']",1,1,2025-11-03_20h25.21.186,Wordpriming exp.,,2025.1.1,60.10944728,2025-11-03 20h25.28.044976 +0530
,2,2,0,,,butter,bread,old,but__r,butter,[np.float64(0.02638888888888889)],[np.float64(-0.31527777777777777)],[1],[0],[0],[4.443527700030245],['text_3'],,,,,0,2,2,1,39.5104609,,,,,,,,39.4969134,39.5104609,39.5104609,39.5104609,0.001896,43.9406264,butter,[np.float64(0.02638888888888889)],[np.float64(-0.31527777777777777)],[1],[0],[0],[4.443527700030245],['text_3'],1,1,2025-11-03_20h25.21.186,Wordpriming exp.,,2025.1.1,60.10944728,2025-11-03 20h25.28.044976 +0530
,3,3,0,,,dream,None,new,dr__m,dream,[np.float64(0.02638888888888889)],[np.float64(-0.31527777777777777)],[1],[0],[0],[2.9291359999915585],['text_3'],,,,,0,3,3,42,43.9567914,,,,,,,,43.942298,43.9567914,43.9567914,43.9567914,0.0016075,46.8716029,dream,[np.float64(0.02638888888888889)],[np.float64(-0.31527777777777777)],[1],[0],[0],[2.9291359999915585],['text_3'],1,1,2025-11-03_20h25.21.186,Wordpriming exp.,,2025.1.1,60.10944728,2025-11-03 20h25.28.044976 +0530
,4,4,0,,,pepper,salt,old,p__per,paper,[np.float64(0.02638888888888889)],[np.float64(-0.31527777777777777)],[1],[0],[0],[5.52699980000034],['text_3'],,,,,0,4,4,17,46.8875341,,,,,,,,46.8735112,46.8875341,46.8875341,46.8875341,0.0018244,52.4007089,paper,[np.float64(0.02638888888888889)],[np.float64(-0.31527777777777777)],[1],[0],[0],[5.52699980000034],['text_3'],1,1,2025-11-03_20h25.21.186,Wordpriming exp.,,2025.1.1,60.10944728,2025-11-03 20h25.28.044976 +0530
,5,5,0,,,nest,bird,old,n__t,nut,[np.float64(0.02638888888888889)],[np.float64(-0.31527777777777777)],[1],[0],[0],[2.5956221999949776],['text_3'],,,,,0,5,5,12,52.4164246,,,,,,,,52.4024007,52.4164246,52.4164246,52.4164246,0.0016065,54.9982194,nut,[np.float64(0.02638888888888889)],[np.float64(-0.31527777777777777)],[1],[0],[0],[2.5956221999949776],['text_3'],1,1,2025-11-03_20h25.21.186,Wordpriming exp.,,2025.1.1,60.10944728,2025-11-03 20h25.28.044976 +0530
,6,6,0,,,umbrella,rain,old,umbr__la,umbrella,[np.float64(0.02638888888888889)],[np.float64(-0.31527777777777777)],[1],[0],[0],[4.810489600000437],['text_3'],,,,,0,6,6,11,55.0141341,,,,,,,,55.0004317,55.0141341,55.0141341,55.0141341,0.0021372,59.811137,umbrella,[np.float64(0.02638888888888889)],[np.float64(-0.31527777777777777)],[1],[0],[0],[4.810489600000437],['text_3'],1,1,2025-11-03_20h25.21.186,Wordpriming exp.,,2025.1.1,60.10944728,2025-11-03 20h25.28.044976 +0530
,7,7,0,,,color,None,new,c__or,color,[np.float64(0.02638888888888889)],[np.float64(-0.31527777777777777)],[1],[0],[0],[4.210909499961417],['text_3'],,,,,0,7,7,45,59.8269606,,,,,,,,59.8130438,59.8269606,59.8269606,59.8269606,0.0018261,64.0241547,color,[np.float64(0.02638888888888889)],[np.float64(-0.31527777777777777)],[1],[0],[0],[4.210909499961417],['text_3'],1,1,2025-11-03_20h25.21.186,Wordpriming exp.,,2025.1.1,60.10944728,2025-11-03 20h25.28.044976 +0530
,8,8,0,,,garden,flower,old,g_r_en,green,[np.float64(0.015277777777777777)],[np.float64(-0.3125)],[1],[0],[0],[7.258706199994776],['text_3'],,,,,0,8,8,16,64.0402111,,,,,,,,64.0260056,64.0402111,64.0402111,64.0402111,0.0017777,71.2849091,green,[np.float64(0.015277777777777777)],[np.float64(-0.3125)],[1],[0],[0],[7.258706199994776],['text_3'],1,1,2025-11-03_20h25.21.186,Wordpriming exp.,,2025.1.1,60.10944728,2025-11-03 20h25.28.044976 +0530
,9,9,0,,,horse,None,new,ho__e,house,[np.float64(0.015277777777777777)],[np.float64(-0.3125)],[1],[0],[0],[2.8623266000067815],['text_3'],,,,,0,9,9,49,71.300919,,,,,,,,71.286605,71.300919,71.300919,71.300919,0.0016138,74.1491189,house,[np.float64(0.015277777777777777)],[np.float64(-0.3125)],[1],[0],[0],[2.8623266000067815],['text_3'],1,1,2025-11-03_20h25.21.186,Wordpriming exp.,,2025.1.1,60.10944728,2025-11-03 20h25.28.044976 +0530
,10,10,0,,,chair,table,old,c_a_r,c,[],[],[],[],[],[],[],,,,,0,10,10,4,74.1652265,,,,,,,,74.1508069,74.1652265,74.1652265,74.1652265,0.0016236,84.157088,c,[],[],[],[],[],[],[],1,1,2025-11-03_20h25.21.186,Wordpriming exp.,,2025.1.1,60.10944728,2025-11-03 20h25.28.044976 +0530
,11,11,0,,,road,car,old,r__d,road,[np.float64(-0.004166666666666667)],[np.float64(-0.29305555555555557)],[1],[0],[0],[6.443289599963464],['text_3'],,,,,0,11,11,8,84.1736609,,,,,,,,84.159101,84.1736609,84.1736609,84.1736609,0.0099268,90.6026044,road,[np.float64(-0.004166666666666667)],[np.float64(-0.29305555555555557)],[1],[0],[0],[6.443289599963464],['text_3'],1,1,2025-11-03_20h25.21.186,Wordpriming exp.,,2025.1.1,60.10944728,2025-11-03 20h25.28.044976 +0530
,12,12,0,,,drink,water,old,d__nk,drunk,[np.float64(-0.004166666666666667)],[np.float64(-0.29305555555555557)],[1],[0],[0],[3.112496000016108],['text_3'],,,,,0,12,12,22,90.61804,,,,,,,,90.604242,90.61804,90.61804,90.61804,0.0015737,93.7169662,drunk,[np.float64(-0.004166666666666667)],[np.float64(-0.29305555555555557)],[1],[0],[0],[3.112496000016108],['text_3'],1,1,2025-11-03_20h25.21.186,Wordpriming exp.,,2025.1.1,60.10944728,2025-11-03 20h25.28.044976 +0530
,13,13,0,,,moon,sun,old,m__n,monk,[np.float64(-0.004166666666666667)],[np.float64(-0.29305555555555557)],[1],[0],[0],[3.1618161000078544],['text_3'],,,,,0,13,13,3,93.7323996,,,,,,,,93.718687,93.7323996,93.7323996,93.7323996,0.0016234,96.8807423,monk,[np.float64(-0.004166666666666667)],[np.float64(-0.29305555555555557)],[1],[0],[0],[3.1618161000078544],['text_3'],1,1,2025-11-03_20h25.21.186,Wordpriming exp.,,2025.1.1,60.10944728,2025-11-03 20h25.28.044976 +0530
,14,14,0,,,cloud,None,new,cl__d,cloud,[np.float64(-0.004166666666666667)],[np.float64(-0.29305555555555557)],[1],[0],[0],[3.0786697000148706],['text_3'],,,,,0,14,14,25,96.8961888,,,,,,,,96.8826529,96.8961888,96.8961888,96.8961888,0.0018208,99.961546,cloud,[np.float64(-0.004166666666666667)],[np.float64(-0.29305555555555557)],[1],[0],[0],[3.0786697000148706],['text_3'],1,1,2025-11-03_20h25.21.186,Wordpriming exp.,,2025.1.1,60.10944728,2025-11-03 20h25.28.044976 +0530
,15,15,0,,,stone,None,new,s_o_e,shoe,[np.float64(-0.004166666666666667)],[np.float64(-0.29305555555555557)],[1],[0],[0],[3.778457199980039],['text_3'],,,,,0,15,15,40,99.9770875,,,,,,,,99.9632882,99.9770875,99.9770875,99.9770875,0.001664,103.7419588,shoe,[np.float64(-0.004166666666666667)],[np.float64(-0.29305555555555557)],[1],[0],[0],[3.778457199980039],['text_3'],1,1,2025-11-03_20h25.21.186,Wordpriming exp.,,2025.1.1,60.10944728,2025-11-03 20h25.28.044976 +0530
,16,16,0,,,dog,cat,old,dog,dog,[np.float64(-0.004166666666666667)],[np.float64(-0.29305555555555557)],[1],[0],[0],[2.162526300002355],['text_3'],,,,,0,16,16,2,103.7570375,,,,,,,,103.7437108,103.7570375,103.7570375,103.7570375,0.0016755,105.9064768,dog,[np.float64(-0.004166666666666667)],[np.float64(-0.29305555555555557)],[1],[0],[0],[2.162526300002355],['text_3'],1,1,2025-11-03_20h25.21.186,Wordpriming exp.,,2025.1.1,60.10944728,2025-11-03 20h25.28.044976 +0530
,17,17,0,,,plant,None,new,pl__t,plot,[np.float64(-0.004166666666666667)],[np.float64(-0.29305555555555557)],[1],[0],[0],[3.3444658999796957],['text_3'],,,,,0,17,17,38,105.9222653,,,,,,,,105.9086379,105.9222653,105.9222653,105.9222653,0.0020746,109.2533653,plot,[np.float64(-0.004166666666666667)],[np.float64(-0.29305555555555557)],[1],[0],[0],[3.3444658999796957],['text_3'],1,1,2025-11-03_20h25.21.186,Wordpriming exp.,,2025.1.1,60.10944728,2025-11-03 20h25.28.044976 +0530
,18,18,0,,,call,phone,old,c__l,cult,[np.float64(-0.004166666666666667)],[np.float64(-0.29305555555555557)],[1],[0],[0],[6.54311680002138],['text_3'],,,,,0,18,18,20,109.2695431,,,,,,,,109.2550105,109.2695431,109.2695431,109.2695431,0.0015808,115.7983451,cult,[np.float64(-0.004166666666666667)],[np.float64(-0.29305555555555557)],[1],[0],[0],[6.54311680002138],['text_3'],1,1,2025-11-03_20h25.21.186,Wordpriming exp.,,2025.1.1,60.10944728,2025-11-03 20h25.28.044976 +0530
,19,19,0,,,breadth,None,new,b_ea_th,breadth,[np.float64(-0.004166666666666667)],[np.float64(-0.29305555555555557)],[1],[0],[0],[9.490125399956014],['text_3'],,,,,0,19,19,41,115.8141198,,,,,,,,115.8002415,115.8141198,115.8141198,115.8141198,0.0018276,125.2906019,breadth,[np.float64(-0.004166666666666667)],[np.float64(-0.29305555555555557)],[1],[0],[0],[9.490125399956014],['text_3'],1,1,2025-11-03_20h25.21.186,Wordpriming exp.,,2025.1.1,60.10944728,2025-11-03 20h25.28.044976 +0530
,20,20,0,,,student,teacher,old,st_d_nt,student,[np.float64(-0.004166666666666667)],[np.float64(-0.29305555555555557)],[1],[0],[0],[2.9125851999851875],['text_3'],,,,,0,20,20,9,125.3063198,,,,,,,,125.2924235,125.3063198,125.3063198,125.3063198,0.0017248,128.2052518,student,[np.float64(-0.004166666666666667)],[np.float64(-0.29305555555555557)],[1],[0],[0],[2.9125851999851875],['text_3'],1,1,2025-11-03_20h25.21.186,Wordpriming exp.,,2025.1.1,60.10944728,2025-11-03 20h25.28.044976 +0530
,21,21,0,,,camera,None,new,c__era,camera,[np.float64(-0.004166666666666667)],[np.float64(-0.29305555555555557)],[1],[0],[0],[4.077747599978466],['text_3'],,,,,0,21,21,39,128.2206114,,,,,,,,128.2072057,128.2206114,128.2206114,128.2206114,0.0018749,132.2851841,camera,[np.float64(-0.004166666666666667)],[np.float64(-0.29305555555555557)],[1],[0],[0],[4.077747599978466],['text_3'],1,1,2025-11-03_20h25.21.186,Wordpriming exp.,,2025.1.1,60.10944728,2025-11-03 20h25.28.044976 +0530
,22,22,0,,,night,day,old,n_g_t,nugget,[np.float64(-0.004166666666666667)],[np.float64(-0.29305555555555557)],[1],[0],[0],[4.643549100030214],['text_3'],,,,,0,22,22,10,132.3005239,,,,,,,,132.2869134,132.3005239,132.3005239,132.3005239,0.0016621,136.9307244,nugget,[np.float64(-0.004166666666666667)],[np.float64(-0.29305555555555557)],[1],[0],[0],[4.643549100030214],['text_3'],1,1,2025-11-03_20h25.21.186,Wordpriming exp.,,2025.1.1,60.10944728,2025-11-03 20h25.28.044976 +0530
,23,23,0,,,clock,None,new,c_o_k,cook,[np.float64(-0.004166666666666667)],[np.float64(-0.29305555555555557)],[1],[0],[0],[2.645455000048969],['text_3'],,,,,0,23,23,30,136.9466592,,,,,,,,136.9329854,136.9466592,136.9466592,136.9466592,0.002179,139.5786739,cook,[np.float64(-0.004166666666666667)],[np.float64(-0.29305555555555557)],[1],[0],[0],[2.645455000048969],['text_3'],1,1,2025-11-03_20h25.21.186,Wordpriming exp.,,2025.1.1,60.10944728,2025-11-03 20h25.28.044976 +0530
,24,24,0,,,queen,king,old,qu__n,queen,[np.float64(-0.004166666666666667)],[np.float64(-0.29305555555555557)],[1],[0],[0],[2.6280526000191458],['text_3'],,,,,0,24,24,5,139.5944726,,,,,,,,139.5817307,139.5944726,139.5944726,139.5944726,0.0029813,142.2100777,queen,[np.float64(-0.004166666666666667)],[np.float64(-0.29305555555555557)],[1],[0],[0],[2.6280526000191458],['text_3'],1,1,2025-11-03_20h25.21.186,Wordpriming exp.,,2025.1.1,60.10944728,2025-11-03 20h25.28.044976 +0530
,25,25,0,,,river,None,new,ri__r,ri,[],[],[],[],[],[],[],,,,,0,25,25,32,142.2257663,,,,,,,,142.2119027,142.2257663,142.2257663,142.2257663,0.0017406,152.2176467,ri,[],[],[],[],[],[],[],1,1,2025-11-03_20h25.21.186,Wordpriming exp.,,2025.1.1,60.10944728,2025-11-03 20h25.28.044976 +0530
,26,26,0,,,key,None,new,key,key,[np.float64(-0.004166666666666667)],[np.float64(-0.29305555555555557)],[1],[0],[0],[2.8296916999970563],['text_3'],,,,,0,26,26,34,152.2340378,,,,,,,,152.2194869,152.2340378,152.2340378,152.2340378,0.0093284,155.0494352,key,[np.float64(-0.004166666666666667)],[np.float64(-0.29305555555555557)],[1],[0],[0],[2.8296916999970563],['text_3'],1,1,2025-11-03_20h25.21.186,Wordpriming exp.,,2025.1.1,60.10944728,2025-11-03 20h25.28.044976 +0530
,27,27,0,,,fork,knife,old,f__k,fork,[np.float64(-0.004166666666666667)],[np.float64(-0.29305555555555557)],[1],[0],[0],[3.661476599983871],['text_3'],,,,,0,27,27,18,155.065047,,,,,,,,155.0510726,155.065047,155.065047,155.065047,0.0015649,158.7127921,fork,[np.float64(-0.004166666666666667)],[np.float64(-0.29305555555555557)],[1],[0],[0],[3.661476599983871],['text_3'],1,1,2025-11-03_20h25.21.186,Wordpriming exp.,,2025.1.1,60.10944728,2025-11-03 20h25.28.044976 +0530
,28,28,0,,,page,book,old,p__e,pie,[np.float64(-0.004166666666666667)],[np.float64(-0.29305555555555557)],[1],[0],[0],[5.876388199976645],['text_3'],,,,,0,28,28,15,158.7290514,,,,,,,,158.7144304,158.7290514,158.7290514,158.7290514,0.0015707,164.5910624,pie,[np.float64(-0.004166666666666667)],[np.float64(-0.29305555555555557)],[1],[0],[0],[5.876388199976645],['text_3'],1,1,2025-11-03_20h25.21.186,Wordpriming exp.,,2025.1.1,60.10944728,2025-11-03 20h25.28.044976 +0530
,29,29,0,,,train,None,new,tr__n,treen,[np.float64(-0.004166666666666667)],[np.float64(-0.29305555555555557)],[1],[0],[0],[8.674314600008074],['text_3'],,,,,0,29,29,36,164.6071644,,,,,,,,164.5927433,164.6071644,164.6071644,164.6071644,0.0016056,173.2673315,treen,[np.float64(-0.004166666666666667)],[np.float64(-0.29305555555555557)],[1],[0],[0],[8.674314600008074],['text_3'],1,1,2025-11-03_20h25.21.186,Wordpriming exp.,,2025.1.1,60.10944728,2025-11-03 20h25.28.044976 +0530
,30,30,0,,,cry,baby,old,cry,cry,[np.float64(-0.004166666666666667)],[np.float64(-0.29305555555555557)],[1],[0],[0],[2.4627980000223033],['text_3'],,,,,0,30,30,24,173.2833827,,,,,,,,173.2692975,173.2833827,173.2833827,173.2833827,0.001889,175.7323628,cry,[np.float64(-0.004166666666666667)],[np.float64(-0.29305555555555557)],[1],[0],[0],[2.4627980000223033],['text_3'],1,1,2025-11-03_20h25.21.186,Wordpriming exp.,,2025.1.1,60.10944728,2025-11-03 20h25.28.044976 +0530
,31,31,0,,,see,eye,old,see,see,[np.float64(-0.004166666666666667)],[np.float64(-0.29305555555555557)],[1],[0],[0],[2.129420399956871],['text_3'],,,,,0,31,31,21,175.7480087,,,,,,,,175.7342246,175.7480087,175.7480087,175.7480087,0.0017774,177.8639201,see,[np.float64(-0.004166666666666667)],[np.float64(-0.29305555555555557)],[1],[0],[0],[2.129420399956871],['text_3'],1,1,2025-11-03_20h25.21.186,Wordpriming exp.,,2025.1.1,60.10944728,2025-11-03 20h25.28.044976 +0530
,32,32,0,,,nurse,doctor,old,n__se,nurse,[np.float64(-0.004166666666666667)],[np.float64(-0.29305555555555557)],[1],[0],[0],[2.995293199957814],['text_3'],,,,,0,32,32,0,177.8797432,,,,,,,,177.8658733,177.8797432,177.8797432,177.8797432,0.0018788,180.8614407,nurse,[np.float64(-0.004166666666666667)],[np.float64(-0.29305555555555557)],[1],[0],[0],[2.995293199957814],['text_3'],1,1,2025-11-03_20h25.21.186,Wordpriming exp.,,2025.1.1,60.10944728,2025-11-03 20h25.28.044976 +0530
,33,33,0,,,sock,shoe,old,s__k,sulk,[np.float64(-0.004166666666666667)],[np.float64(-0.29305555555555557)],[1],[0],[0],[4.1118705999688245],['text_3'],,,,,0,33,33,19,180.8772092,,,,,,,,180.8631246,180.8772092,180.8772092,180.8772092,0.0016147,184.9752717,sulk,[np.float64(-0.004166666666666667)],[np.float64(-0.29305555555555557)],[1],[0],[0],[4.1118705999688245],['text_3'],1,1,2025-11-03_20h25.21.186,Wordpriming exp.,,2025.1.1,60.10944728,2025-11-03 20h25.28.044976 +0530
,34,34,0,,,computer,None,new,co_put_r,computer,[np.float64(-0.004166666666666667)],[np.float64(-0.29305555555555557)],[1],[0],[0],[6.092615300032776],['text_3'],,,,,0,34,34,37,184.990406,,,,,,,,184.9770719,184.990406,184.990406,184.990406,0.0017318,191.0699612,computer,[np.float64(-0.004166666666666667)],[np.float64(-0.29305555555555557)],[1],[0],[0],[6.092615300032776],['text_3'],1,1,2025-11-03_20h25.21.186,Wordpriming exp.,,2025.1.1,60.10944728,2025-11-03 20h25.28.044976 +0530
,35,35,0,,,forest,None,new,fo_e_t,forest,[np.float64(-0.004166666666666667)],[np.float64(-0.29305555555555557)],[1],[0],[0],[2.8620942999841645],['text_3'],,,,,0,35,35,44,191.0853008,,,,,,,,191.0719503,191.0853008,191.0853008,191.0853008,0.0019297,193.934349,forest,[np.float64(-0.004166666666666667)],[np.float64(-0.29305555555555557)],[1],[0],[0],[2.8620942999841645],['text_3'],1,1,2025-11-03_20h25.21.186,Wordpriming exp.,,2025.1.1,60.10944728,2025-11-03 20h25.28.044976 +0530
,36,36,0,,,song,music,old,s__g,sag,[np.float64(-0.004166666666666667)],[np.float64(-0.29305555555555557)],[1],[0],[0],[5.193196300009731],['text_3'],,,,,0,36,36,13,193.949835,,,,,,,,193.9360291,193.949835,193.949835,193.949835,0.0016058,199.1295239,sag,[np.float64(-0.004166666666666667)],[np.float64(-0.29305555555555557)],[1],[0],[0],[5.193196300009731],['text_3'],1,1,2025-11-03_20h25.21.186,Wordpriming exp.,,2025.1.1,60.10944728,2025-11-03 20h25.28.044976 +0530
,37,37,0,,,mirror,None,new,m_rr_r,mirror,[np.float64(-0.004166666666666667)],[np.float64(-0.29305555555555557)],[1],[0],[0],[3.0117212999612093],['text_3'],,,,,0,37,37,26,199.1452879,,,,,,,,199.1317933,199.1452879,199.1452879,199.1452879,0.002188,202.1438167,mirror,[np.float64(-0.004166666666666667)],[np.float64(-0.29305555555555557)],[1],[0],[0],[3.0117212999612093],['text_3'],1,1,2025-11-03_20h25.21.186,Wordpriming exp.,,2025.1.1,60.10944728,2025-11-03 20h25.28.044976 +0530
,38,38,0,,,mountain,None,new,mo_nta_n,mountain,[np.float64(-0.004166666666666667)],[np.float64(-0.29305555555555557)],[1],[0],[0],[2.8121824999689125],['text_3'],,,,,0,38,38,29,202.1597339,,,,,,,,202.1459422,202.1597339,202.1597339,202.1597339,0.0020425,204.9584195,mountain,[np.float64(-0.004166666666666667)],[np.float64(-0.29305555555555557)],[1],[0],[0],[2.8121824999689125],['text_3'],1,1,2025-11-03_20h25.21.186,Wordpriming exp.,,2025.1.1,60.10944728,2025-11-03 20h25.28.044976 +0530
,39,39,0,,,shirt,None,new,s_i_t,shirt,[np.float64(-0.004166666666666667)],[np.float64(-0.29305555555555557)],[1],[0],[0],[4.543803800013848],['text_3'],,,,,0,39,39,31,204.9738311,,,,,,,,204.9603259,204.9738311,204.9738311,204.9738311,0.0018355,209.504417,shirt,[np.float64(-0.004166666666666667)],[np.float64(-0.29305555555555557)],[1],[0],[0],[4.543803800013848],['text_3'],1,1,2025-11-03_20h25.21.186,Wordpriming exp.,,2025.1.1,60.10944728,2025-11-03 20h25.28.044976 +0530
,40,40,0,,,fruit,apple,old,f_u_t,fruit,[np.float64(-0.004166666666666667)],[np.float64(-0.29305555555555557)],[1],[0],[0],[3.1625018999911845],['text_3'],,,,,0,40,40,23,209.520142,,,,,,,,209.5060685,209.520142,209.520142,209.520142,0.0015836,212.6688576,fruit,[np.float64(-0.004166666666666667)],[np.float64(-0.29305555555555557)],[1],[0],[0],[3.1625018999911845],['text_3'],1,1,2025-11-03_20h25.21.186,Wordpriming exp.,,2025.1.1,60.10944728,2025-11-03 20h25.28.044976 +0530
,41,41,0,,,window,None,new,win__w,window,[np.float64(-0.004166666666666667)],[np.float64(-0.29305555555555557)],[1],[0],[0],[2.6285574000212364],['text_3'],,,,,0,41,41,28,212.6842395,,,,,,,,212.6707273,212.6842395,212.6842395,212.6842395,0.0018021,215.2995949,window,[np.float64(-0.004166666666666667)],[np.float64(-0.29305555555555557)],[1],[0],[0],[2.6285574000212364],['text_3'],1,1,2025-11-03_20h25.21.186,Wordpriming exp.,,2025.1.1,60.10944728,2025-11-03 20h25.28.044976 +0530
,42,42,0,,,door,None,new,d__r,door,[np.float64(-0.004166666666666667)],[np.float64(-0.29305555555555557)],[1],[0],[0],[2.6296038000145927],['text_3'],,,,,0,42,42,47,215.3155701,,,,,,,,215.3012677,215.3155701,215.3155701,215.3155701,0.0016018,217.9312222,door,[np.float64(-0.004166666666666667)],[np.float64(-0.29305555555555557)],[1],[0],[0],[2.6296038000145927],['text_3'],1,1,2025-11-03_20h25.21.186,Wordpriming exp.,,2025.1.1,60.10944728,2025-11-03 20h25.28.044976 +0530
,43,43,0,,,juice,None,new,j_i_e,jaime,[],[],[],[],[],[],[],,,,,0,43,43,35,217.9468399,,,,,,,,217.9342519,217.9468399,217.9468399,217.9468399,0.0029513,227.9388706,jaime,[],[],[],[],[],[],[],1,1,2025-11-03_20h25.21.186,Wordpriming exp.,,2025.1.1,60.10944728,2025-11-03 20h25.28.044976 +0530
,44,44,0,,,glass,None,new,g_a_s,grass,[np.float64(-0.004166666666666667)],[np.float64(-0.29305555555555557)],[1],[0],[0],[4.377555699960794],['text_3'],,,,,0,44,44,48,227.9551671,,,,,,,,227.9414318,227.9551671,227.9551671,227.9551671,0.0101406,232.3193367,grass,[np.float64(-0.004166666666666667)],[np.float64(-0.29305555555555557)],[1],[0],[0],[4.377555699960794],['text_3'],1,1,2025-11-03_20h25.21.186,Wordpriming exp.,,2025.1.1,60.10944728,2025-11-03 20h25.28.044976 +0530
,45,45,0,,,lamp,None,new,l__p,lap,[np.float64(-0.004166666666666667)],[np.float64(-0.29305555555555557)],[1],[0],[0],[4.593640099978074],['text_3'],,,,,0,45,45,33,232.3346905,,,,,,,,232.3213554,232.3346905,232.3346905,232.3346905,0.0019545,236.9153118,lap,[np.float64(-0.004166666666666667)],[np.float64(-0.29305555555555557)],[1],[0],[0],[4.593640099978074],['text_3'],1,1,2025-11-03_20h25.21.186,Wordpriming exp.,,2025.1.1,60.10944728,2025-11-03 20h25.28.044976 +0530
,46,46,0,,,smoke,fire,old,s__ke,souke,[np.float64(-0.004166666666666667)],[np.float64(-0.29305555555555557)],[1],[0],[0],[9.989368000009563],['text_3'],,,,,0,46,46,14,236.9309937,,,,,,,,236.9171525,236.9309937,236.9309937,236.9309937,0.0017746,246.9068303,souke,[np.float64(-0.004166666666666667)],[np.float64(-0.29305555555555557)],[1],[0],[0],[9.989368000009563],['text_3'],1,1,2025-11-03_20h25.21.186,Wordpriming exp.,,2025.1.1,60.10944728,2025-11-03 20h25.28.044976 +0530
,47,47,0,,,bridge,None,new,b_id_e,,[np.float64(-0.004166666666666667)],[np.float64(-0.29305555555555557)],[1],[0],[0],[1.147364300035406],['text_3'],,,,,0,47,47,46,246.9226238,,,,,,,,246.9085239,246.9226238,246.9226238,246.9226238,0.0016268,248.0562102,,[np.float64(-0.004166666666666667)],[np.float64(-0.29305555555555557)],[1],[0],[0],[1.147364300035406],['text_3'],1,1,2025-11-03_20h25.21.186,Wordpriming exp.,,2025.1.1,60.10944728,2025-11-03 20h25.28.044976 +0530
,48,48,0,,,ring,None,new,r__g,ring,[np.float64(-0.004166666666666667)],[np.float64(-0.29305555555555557)],[1],[0],[0],[2.445962199999485],['text_3'],,,,,0,48,48,43,248.0717452,,,,,,,,248.0578959,248.0717452,248.0717452,248.0717452,0.0016122,250.5042028,ring,[np.float64(-0.004166666666666667)],[np.float64(-0.29305555555555557)],[1],[0],[0],[2.445962199999485],['text_3'],1,1,2025-11-03_20h25.21.186,Wordpriming exp.,,2025.1.1,60.10944728,2025-11-03 20h25.28.044976 +0530
,49,49,0,,,paper,pen,old,pa__r,paper,[np.float64(-0.004166666666666667)],[np.float64(-0.29305555555555557)],[1],[0],[0],[2.662300600029994],['text_3'],,,,,0,49,49,7,250.5197809,,,,,,,,250.5062574,250.5197809,250.5197809,250.5197809,0.0019834,253.1689175,paper,[np.float64(-0.004166666666666667)],[np.float64(-0.29305555555555557)],[1],[0],[0],[2.662300600029994],['text_3'],1,1,2025-11-03_20h25.21.186,Wordpriming exp.,,2025.1.1,60.10944728,2025-11-03 20h25.28.044976 +0530
