thisN,thisTrialN,thisRepN,key_resp.keys,key_resp.corr,key_resp.rt,key_resp.duration,tilt,corrAns,trials.thisRepN,trials.thisTrialN,trials.thisN,trials.thisIndex,thisRow.t,notes,trial.started,fixation.started,fixation.stopped,key_resp.started,trial.stopped,trials.key_resp.keys,trials.key_resp.corr,trials.key_resp.rt,trials.key_resp.duration,trials.tilt,trials.corrAns,participant,session,date,expName,expVersion,psychopyVersion,frameRate,expStart,
0,0,0,up,0,1.7993403999134898,None,0,up,0,0,0,0,0.004224499920383096,,0.002239000052213669,0.004224499920383096,1.0067410001065582,1.0067410001065582,2.8301260001026094,up,0,1.7993403999134898,None,0,up,693489,001,2025-09-10_21h32.30.453,single detection,,2025.1.1,60.034712069252784,2025-09-10 21h32.35.541605 +0530,
1,0,1,up,1,0.7857782000210136,None,-3,down,1,0,1,0,2.838353800121695,,2.830395200056955,2.838353800121695,3.837487099925056,3.837487099925056,4.6375083001330495,up,1,0.7857782000210136,None,-3,down,693489,001,2025-09-10_21h32.30.453,single detection,,2025.1.1,60.034712069252784,2025-09-10 21h32.35.541605 +0530,
2,0,2,down,1,1.0870350999757648,None,-4,down,2,0,2,0,4.653612399939448,,4.637936700135469,4.653612399939448,5.65285039995797,5.65285039995797,6.752477000001818,down,1,1.0870350999757648,None,-4,down,693489,001,2025-09-10_21h32.30.453,single detection,,2025.1.1,60.034712069252784,2025-09-10 21h32.35.541605 +0530,
3,0,3,up,0,0.6251660999841988,None,0,up,3,0,3,0,6.768467399990186,,6.752876200014725,6.768467399990186,7.767830100143328,7.767830100143328,8.400310100056231,up,0,0.6251660999841988,None,0,up,693489,001,2025-09-10_21h32.30.453,single detection,,2025.1.1,60.034712069252784,2025-09-10 21h32.35.541605 +0530,
4,0,4,up,1,0.74785489984788,None,4,down,4,0,4,0,8.416756300022826,,8.40046519995667,8.416756300022826,9.416350800078362,9.39985330007039,10.149367799982429,up,1,0.74785489984788,None,4,down,693489,001,2025-09-10_21h32.30.453,single detection,,2025.1.1,60.034712069252784,2025-09-10 21h32.35.541605 +0530,
5,0,5,down,1,0.6262417000252753,None,-1,down,5,0,5,0,10.165746700018644,,10.149734999984503,10.165746700018644,11.164989700075239,11.164989700075239,11.798391700023785,down,1,0.6262417000252753,None,-1,down,693489,001,2025-09-10_21h32.30.453,single detection,,2025.1.1,60.034712069252784,2025-09-10 21h32.35.541605 +0530,
6,0,6,up,0,0.6411810000427067,None,3,down,6,0,6,0,11.814350500004366,,11.798795599956065,11.814350500004366,12.813586700009182,12.813586700009182,13.463552500121295,up,0,0.6411810000427067,None,3,down,693489,001,2025-09-10_21h32.30.453,single detection,,2025.1.1,60.034712069252784,2025-09-10 21h32.35.541605 +0530,
7,0,7,down,1,0.4780478999018669,None,-1,down,7,0,7,0,13.479485200019553,,13.463912399951369,13.479485200019553,14.478949000127614,14.478949000127614,14.962174700107425,down,1,0.4780478999018669,None,-1,down,693489,001,2025-09-10_21h32.30.453,single detection,,2025.1.1,60.034712069252784,2025-09-10 21h32.35.541605 +0530,
8,0,8,up,0,0.3336213999427855,None,0,up,8,0,8,0,14.978303000098094,,14.962584000080824,14.978303000098094,15.977802500128746,15.977802500128746,16.327298100106418,up,0,0.3336213999427855,None,0,up,693489,001,2025-09-10_21h32.30.453,single detection,,2025.1.1,60.034712069252784,2025-09-10 21h32.35.541605 +0530,
9,0,9,down,0,0.25509580015204847,None,0,up,9,0,9,0,16.343575099948794,,16.327447100076824,16.343575099948794,17.34307030006312,17.326278200140223,17.593673600116745,down,0,0.25509580015204847,None,0,up,693489,001,2025-09-10_21h32.30.453,single detection,,2025.1.1,60.034712069252784,2025-09-10 21h32.35.541605 +0530,
10,0,10,up,1,0.2932973001152277,None,0,up,10,0,10,0,17.609421300003305,,17.59405910014175,17.609421300003305,18.608895299956203,18.608895299956203,18.909135699970648,up,1,0.2932973001152277,None,0,up,693489,001,2025-09-10_21h32.30.453,single detection,,2025.1.1,60.034712069252784,2025-09-10 21h32.35.541605 +0530,
11,0,11,up,1,1.0246669999323785,None,0,up,11,0,11,0,18.925024600001052,,18.909519100096077,18.925024600001052,19.92442910000682,19.92442910000682,20.957170200068504,up,1,1.0246669999323785,None,0,up,693489,001,2025-09-10_21h32.30.453,single detection,,2025.1.1,60.034712069252784,2025-09-10 21h32.35.541605 +0530,
12,0,12,up,1,1.0256445000413805,None,-5,down,12,0,12,0,20.973614600021392,,20.957505099941045,20.973614600021392,21.98945809993893,21.97278070007451,23.005614300025627,up,1,1.0256445000413805,None,-5,down,693489,001,2025-09-10_21h32.30.453,single detection,,2025.1.1,60.034712069252784,2025-09-10 21h32.35.541605 +0530,
13,0,13,down,1,0.9574060998857021,None,0,up,13,0,13,0,23.021915500052273,,23.00598519993946,23.021915500052273,24.037427000002936,24.02077620010823,24.98715960001573,down,1,0.9574060998857021,None,0,up,693489,001,2025-09-10_21h32.30.453,single detection,,2025.1.1,60.034712069252784,2025-09-10 21h32.35.541605 +0530,
14,0,14,up,1,0.7464109999127686,None,-1,down,14,0,14,0,25.0035451001022,,24.987423199927434,25.0035451001022,26.002807199954987,26.002807199954987,26.752674200106412,up,1,0.7464109999127686,None,-1,down,693489,001,2025-09-10_21h32.30.453,single detection,,2025.1.1,60.034712069252784,2025-09-10 21h32.35.541605 +0530,
15,0,15,up,0,1.220135800074786,None,2,down,15,0,15,0,26.768806400010362,,26.753074300009757,26.768806400010362,27.76796369999647,27.76796369999647,29.000764300115407,up,0,1.220135800074786,None,2,down,693489,001,2025-09-10_21h32.30.453,single detection,,2025.1.1,60.034712069252784,2025-09-10 21h32.35.541605 +0530,
16,0,16,down,1,3.060100399889052,None,5,down,16,0,16,0,29.016921600094065,,29.00120469997637,29.016921600094065,30.016139900078997,30.016139900078997,33.0808983000461,down,1,3.060100399889052,None,5,down,693489,001,2025-09-10_21h32.30.453,single detection,,2025.1.1,60.034712069252784,2025-09-10 21h32.35.541605 +0530,
17,0,17,down,1,1.1571928998455405,None,0,up,17,0,17,0,33.09686079993844,,33.08139239996672,33.09686079993844,34.096088299993426,34.096088299993426,35.262449600035325,down,1,1.1571928998455405,None,0,up,693489,001,2025-09-10_21h32.30.453,single detection,,2025.1.1,60.034712069252784,2025-09-10 21h32.35.541605 +0530,
18,0,18,up,1,1.0557460999116302,None,-1,down,18,0,18,0,35.27851879992522,,35.262831000145525,35.27851879992522,36.27774930000305,36.27774930000305,37.34409000002779,up,1,1.0557460999116302,None,-1,down,693489,001,2025-09-10_21h32.30.453,single detection,,2025.1.1,60.034712069252784,2025-09-10 21h32.35.541605 +0530,
19,0,19,down,1,2.7344166999682784,None,3,down,19,0,19,0,37.36007330007851,,37.34454459999688,37.36007330007851,38.35923380008899,38.35923380008899,41.10749460011721,down,1,2.7344166999682784,None,3,down,693489,001,2025-09-10_21h32.30.453,single detection,,2025.1.1,60.034712069252784,2025-09-10 21h32.35.541605 +0530,
20,0,20,down,1,0.8204920999705791,None,2,down,20,0,20,0,41.12355150002986,,41.107862800126895,41.12355150002986,42.12273860001005,42.12273860001005,42.956053799949586,down,1,0.8204920999705791,None,2,down,693489,001,2025-09-10_21h32.30.453,single detection,,2025.1.1,60.034712069252784,2025-09-10 21h32.35.541605 +0530,
21,0,21,down,1,0.6943030999973416,None,4,down,21,0,21,0,42.97206990001723,,42.95644939993508,42.97206990001723,43.97134259995073,43.97134259995073,44.67135510011576,down,1,0.6943030999973416,None,4,down,693489,001,2025-09-10_21h32.30.453,single detection,,2025.1.1,60.034712069252784,2025-09-10 21h32.35.541605 +0530,
22,0,22,down,1,0.7073537001851946,None,-5,down,22,0,22,0,44.68738289992325,,44.67175420001149,44.68738289992325,45.68664710014127,45.68664710014127,46.40329909999855,down,1,0.7073537001851946,None,-5,down,693489,001,2025-09-10_21h32.30.453,single detection,,2025.1.1,60.034712069252784,2025-09-10 21h32.35.541605 +0530,
23,0,23,down,1,2.1834499000106007,None,3,down,23,0,23,0,46.41934620006941,,46.40374300000258,46.41934620006941,47.41860430012457,47.41860430012457,49.61726710014045,down,1,2.1834499000106007,None,3,down,693489,001,2025-09-10_21h32.30.453,single detection,,2025.1.1,60.034712069252784,2025-09-10 21h32.35.541605 +0530,
24,0,24,up,0,0.7333756999578327,None,0,up,24,0,24,0,49.6333504000213,,49.61767580010928,49.6333504000213,50.63249960006215,50.63249960006215,51.382317499956116,up,0,0.7333756999578327,None,0,up,693489,001,2025-09-10_21h32.30.453,single detection,,2025.1.1,60.034712069252784,2025-09-10 21h32.35.541605 +0530,
25,0,25,up,1,2.3023811001330614,None,0,up,25,0,25,0,51.39859550003894,,51.38267550012097,51.39859550003894,52.39783550007269,52.39783550007269,54.7129137001466,up,1,2.3023811001330614,None,0,up,693489,001,2025-09-10_21h32.30.453,single detection,,2025.1.1,60.034712069252784,2025-09-10 21h32.35.541605 +0530,
26,0,26,up,1,0.7023944000247866,None,5,down,26,0,26,0,54.72904650005512,,54.71330210007727,54.72904650005512,55.728288100101054,55.728288100101054,56.444316199980676,up,1,0.7023944000247866,None,5,down,693489,001,2025-09-10_21h32.30.453,single detection,,2025.1.1,60.034712069252784,2025-09-10 21h32.35.541605 +0530,
27,0,27,down,1,0.955167599953711,None,0,up,27,0,27,0,56.460645500104874,,56.444472500123084,56.460645500104874,57.460195400053635,57.443433800013736,58.41000630008057,down,1,0.955167599953711,None,0,up,693489,001,2025-09-10_21h32.30.453,single detection,,2025.1.1,60.034712069252784,2025-09-10 21h32.35.541605 +0530,
28,0,28,up,1,0.9865631000138819,None,3,down,28,0,28,0,58.42594340001233,,58.41047409991734,58.42594340001233,59.425269400002435,59.425269400002435,60.424747300101444,up,1,0.9865631000138819,None,3,down,693489,001,2025-09-10_21h32.30.453,single detection,,2025.1.1,60.034712069252784,2025-09-10 21h32.35.541605 +0530,
29,0,29,up,0,0.5615171999670565,None,0,up,29,0,29,0,60.44102860009298,,60.42507200012915,60.44102860009298,61.44039599993266,61.44039599993266,62.00705050001852,up,0,0.5615171999670565,None,0,up,693489,001,2025-09-10_21h32.30.453,single detection,,2025.1.1,60.034712069252784,2025-09-10 21h32.35.541605 +0530,
30,0,30,up,1,0.2808747000526637,None,5,down,30,0,30,0,62.02312780008651,,62.007449300028384,62.02312780008651,63.022314599948004,63.022314599948004,63.30610730010085,up,1,0.2808747000526637,None,5,down,693489,001,2025-09-10_21h32.30.453,single detection,,2025.1.1,60.034712069252784,2025-09-10 21h32.35.541605 +0530,
31,0,31,up,0,0.03728190017864108,None,-1,down,31,0,31,0,63.32203830010258,,63.306547600077465,63.32203830010258,64.33755069994368,64.32074670004658,64.3711363999173,up,0,0.03728190017864108,None,-1,down,693489,001,2025-09-10_21h32.30.453,single detection,,2025.1.1,60.034712069252784,2025-09-10 21h32.35.541605 +0530,
32,0,32,up,0,0.15462969988584518,None,0,up,32,0,32,0,64.38746170001104,,64.37129070004448,64.38746170001104,65.38704670011066,65.3704935000278,65.53763010003604,up,0,0.15462969988584518,None,0,up,693489,001,2025-09-10_21h32.30.453,single detection,,2025.1.1,60.034712069252784,2025-09-10 21h32.35.541605 +0530,
33,0,33,down,0,0.15347949997521937,None,-2,down,33,0,33,0,65.55356779997237,,65.53802999993786,65.55356779997237,66.56941430014558,66.55284929997288,66.71989040006883,down,0,0.15347949997521937,None,-2,down,693489,001,2025-09-10_21h32.30.453,single detection,,2025.1.1,60.034712069252784,2025-09-10 21h32.35.541605 +0530,
34,0,34,down,1,0.1379756999667734,None,0,up,34,0,34,0,66.73590880003758,,66.72033319994807,66.73590880003758,67.73511460004374,67.73511460004374,67.8857259999495,down,1,0.1379756999667734,None,0,up,693489,001,2025-09-10_21h32.30.453,single detection,,2025.1.1,60.034712069252784,2025-09-10 21h32.35.541605 +0530,
35,0,35,down,0,0.16642020014114678,None,0,up,35,0,35,0,67.90168030001223,,67.88610429991968,67.90168030001223,68.9008267999161,68.9008267999161,69.06795980012976,down,0,0.16642020014114678,None,0,up,693489,001,2025-09-10_21h32.30.453,single detection,,2025.1.1,60.034712069252784,2025-09-10 21h32.35.541605 +0530,
36,0,36,down,0,0.0006977999582886696,None,1,down,36,0,36,0,69.08356830012053,,69.0683550001122,69.08356830012053,70.0832809000276,70.0832809000276,70.10056390007958,down,0,0.0006977999582886696,None,1,down,693489,001,2025-09-10_21h32.30.453,single detection,,2025.1.1,60.034712069252784,2025-09-10 21h32.35.541605 +0530,
37,0,37,up,0,0.09296799986623228,None,0,up,37,0,37,0,70.11648879991844,,70.1010197000578,70.11648879991844,71.11573650012724,71.11573650012724,71.21622109995224,up,0,0.09296799986623228,None,0,up,693489,001,2025-09-10_21h32.30.453,single detection,,2025.1.1,60.034712069252784,2025-09-10 21h32.35.541605 +0530,
38,0,38,down,0,0.10535770002752542,None,0,up,38,0,38,0,71.23218309995718,,71.21660590008833,71.23218309995718,72.2476993999444,72.23106070002541,72.34798389999196,down,0,0.10535770002752542,None,0,up,693489,001,2025-09-10_21h32.30.453,single detection,,2025.1.1,60.034712069252784,2025-09-10 21h32.35.541605 +0530,
39,0,39,up,1,0.0002586999908089638,None,-2,down,39,0,39,0,72.36414880002849,,72.34813980013132,72.36414880002849,73.36359079997055,73.34793930011801,73.34888010006398,up,1,0.0002586999908089638,None,-2,down,693489,001,2025-09-10_21h32.30.453,single detection,,2025.1.1,60.034712069252784,2025-09-10 21h32.35.541605 +0530,
40,0,40,down,1,0.040830899961292744,None,-2,down,40,0,40,0,73.36359079997055,,73.34926000004634,73.36359079997055,74.36410999996588,74.36410999996588,74.41343030007556,down,1,0.040830899961292744,None,-2,down,693489,001,2025-09-10_21h32.30.453,single detection,,2025.1.1,60.034712069252784,2025-09-10 21h32.35.541605 +0530,
41,0,41,down,1,0.20498610008507967,None,4,down,41,0,41,0,74.42963299993426,,74.41376650007442,74.42963299993426,75.42883310001343,75.42883310001343,75.64596420014277,down,1,0.20498610008507967,None,4,down,693489,001,2025-09-10_21h32.30.453,single detection,,2025.1.1,60.034712069252784,2025-09-10 21h32.35.541605 +0530,
42,0,42,up,0,0.18379339994862676,None,-3,down,42,0,42,0,75.66194960009307,,75.64633459993638,75.66194960009307,76.66109529999085,76.66109529999085,76.86127600003965,up,0,0.18379339994862676,None,-3,down,693489,001,2025-09-10_21h32.30.453,single detection,,2025.1.1,60.034712069252784,2025-09-10 21h32.35.541605 +0530,
43,0,43,up,0,0.1370465001091361,None,0,up,43,0,43,0,76.87759559997357,,76.86158129991964,76.87759559997357,77.8768988000229,77.8768988000229,78.02731800009497,up,0,0.1370465001091361,None,0,up,693489,001,2025-09-10_21h32.30.453,single detection,,2025.1.1,60.034712069252784,2025-09-10 21h32.35.541605 +0530,
44,0,44,down,0,0.1188031998462975,None,0,up,44,0,44,0,78.04321600007825,,78.02771309996024,78.04321600007825,79.04255950008519,79.04255950008519,79.17655909992754,down,0,0.1188031998462975,None,0,up,693489,001,2025-09-10_21h32.30.453,single detection,,2025.1.1,60.034712069252784,2025-09-10 21h32.35.541605 +0530,
45,0,45,down,0,0.0468595998827368,None,0,up,45,0,45,0,79.19236960005946,,79.17707880004309,79.19236960005946,80.20761479996145,80.19118700013496,80.24153040000238,down,0,0.0468595998827368,None,0,up,693489,001,2025-09-10_21h32.30.453,single detection,,2025.1.1,60.034712069252784,2025-09-10 21h32.35.541605 +0530,
46,0,46,up,1,0.10534350015223026,None,-4,down,46,0,46,0,80.25773710012436,,80.24176759994589,80.25773710012436,81.25733739999123,81.2407842001412,81.35784030007198,up,1,0.10534350015223026,None,-4,down,693489,001,2025-09-10_21h32.30.453,single detection,,2025.1.1,60.034712069252784,2025-09-10 21h32.35.541605 +0530,
47,0,47,up,0,0.0982507998123765,None,0,up,47,0,47,0,81.37386930012144,,81.35823550005443,81.37386930012144,82.37291719997302,82.37291719997302,82.4734833999537,up,0,0.0982507998123765,None,0,up,693489,001,2025-09-10_21h32.30.453,single detection,,2025.1.1,60.034712069252784,2025-09-10 21h32.35.541605 +0530,
48,0,48,down,0,0.32906059990637004,None,0,up,48,0,48,0,82.48969760001637,,82.47393089998513,82.48969760001637,83.48891109996475,83.48891109996475,83.8224641000852,down,0,0.32906059990637004,None,0,up,693489,001,2025-09-10_21h32.30.453,single detection,,2025.1.1,60.034712069252784,2025-09-10 21h32.35.541605 +0530,
49,0,49,down,0,0.17757599987089634,None,0,up,49,0,49,0,83.83851379994303,,83.82284409995191,83.83851379994303,84.83772900002077,84.83772900002077,85.02157350000925,down,0,0.17757599987089634,None,0,up,693489,001,2025-09-10_21h32.30.453,single detection,,2025.1.1,60.034712069252784,2025-09-10 21h32.35.541605 +0530,
50,0,50,up,1,0.0593894999474287,None,-4,down,50,0,50,0,85.03763810009696,,85.02200679993257,85.03763810009696,86.03683659993112,86.03683659993112,86.10400860011578,up,1,0.0593894999474287,None,-4,down,693489,001,2025-09-10_21h32.30.453,single detection,,2025.1.1,60.034712069252784,2025-09-10 21h32.35.541605 +0530,
51,0,51,down,1,0.7891218999866396,None,0,up,51,0,51,0,86.11993889999576,,86.10445050010458,86.11993889999576,87.13593300012872,87.11900539998896,87.91915620001964,down,1,0.7891218999866396,None,0,up,693489,001,2025-09-10_21h32.30.453,single detection,,2025.1.1,60.034712069252784,2025-09-10 21h32.35.541605 +0530,
52,0,52,up,1,0.14074589987285435,None,0,up,52,0,52,0,87.93519739992917,,87.9195783000905,87.93519739992917,88.93436429998837,88.93436429998837,89.08492240007035,up,1,0.14074589987285435,None,0,up,693489,001,2025-09-10_21h32.30.453,single detection,,2025.1.1,60.034712069252784,2025-09-10 21h32.35.541605 +0530,
53,0,53,down,0,0.20168950012885034,None,0,up,53,0,53,0,89.1009082000237,,89.0853079999797,89.1009082000237,90.1000077999197,90.1000077999197,90.31719959992915,down,0,0.20168950012885034,None,0,up,693489,001,2025-09-10_21h32.30.453,single detection,,2025.1.1,60.034712069252784,2025-09-10 21h32.35.541605 +0530,
54,0,54,up,1,0.024635100038722157,None,0,up,54,0,54,0,90.33322439994663,,90.31760490010493,90.33322439994663,91.33240270009264,91.33240270009264,91.36622530012392,up,1,0.024635100038722157,None,0,up,693489,001,2025-09-10_21h32.30.453,single detection,,2025.1.1,60.034712069252784,2025-09-10 21h32.35.541605 +0530,
55,0,55,down,0,0.2217127000913024,None,2,down,55,0,55,0,91.38240300002508,,91.36661250004545,91.38240300002508,92.3815854000859,92.3815854000859,92.6148582000751,down,0,0.2217127000913024,None,2,down,693489,001,2025-09-10_21h32.30.453,single detection,,2025.1.1,60.034712069252784,2025-09-10 21h32.35.541605 +0530,
56,0,56,up,0,0.33228760003112257,None,-1,down,56,0,56,0,92.63115880009718,,92.61505530006252,92.63115880009718,93.63049610005692,93.63049610005692,93.9644214999862,up,0,0.33228760003112257,None,-1,down,693489,001,2025-09-10_21h32.30.453,single detection,,2025.1.1,60.034712069252784,2025-09-10 21h32.35.541605 +0530,
57,0,57,up,0,0.31801330018788576,None,0,up,57,0,57,0,93.9802333000116,,93.96496000001207,93.9802333000116,94.97948230011389,94.97948230011389,95.31308809993789,up,0,0.31801330018788576,None,0,up,693489,001,2025-09-10_21h32.30.453,single detection,,2025.1.1,60.034712069252784,2025-09-10 21h32.35.541605 +0530,
58,0,58,up,1,0.4268539999611676,None,3,down,58,0,58,0,95.32907039998099,,95.31352510000579,95.32907039998099,96.34453230001964,96.32795960013755,96.76203530002385,up,1,0.4268539999611676,None,3,down,693489,001,2025-09-10_21h32.30.453,single detection,,2025.1.1,60.034712069252784,2025-09-10 21h32.35.541605 +0530,
59,0,59,down,1,0.9675785999279469,None,0,up,59,0,59,0,96.77771029993892,,96.7623952999711,96.77771029993892,97.7773355001118,97.7773355001118,98.76020530005917,down,1,0.9675785999279469,None,0,up,693489,001,2025-09-10_21h32.30.453,single detection,,2025.1.1,60.034712069252784,2025-09-10 21h32.35.541605 +0530,
60,0,60,up,1,0.5322023998014629,None,0,up,60,0,60,0,98.7761029000394,,98.76065569999628,98.7761029000394,99.7754812000785,99.7754812000785,100.30911509995349,up,1,0.5322023998014629,None,0,up,693489,001,2025-09-10_21h32.30.453,single detection,,2025.1.1,60.034712069252784,2025-09-10 21h32.35.541605 +0530,
61,0,61,up,1,0.7095552000682801,None,-4,down,61,0,61,0,100.32476119999774,,100.30953590013087,100.32476119999774,101.32424510014243,101.32424510014243,102.04080149997026,up,1,0.7095552000682801,None,-4,down,693489,001,2025-09-10_21h32.30.453,single detection,,2025.1.1,60.034712069252784,2025-09-10 21h32.35.541605 +0530,
62,0,62,up,0,1.2191819997970015,None,-5,down,62,0,62,0,102.05684010009281,,102.04125020001084,102.05684010009281,103.0561077001039,103.0561077001039,104.28832600009628,up,0,1.2191819997970015,None,-5,down,693489,001,2025-09-10_21h32.30.453,single detection,,2025.1.1,60.034712069252784,2025-09-10 21h32.35.541605 +0530,
63,0,63,up,0,0.7396877999417484,None,4,down,63,0,63,0,104.30466699996032,,104.28855870012194,104.30466699996032,105.30421610013582,105.28749720007181,106.03743969998322,up,0,0.7396877999417484,None,4,down,693489,001,2025-09-10_21h32.30.453,single detection,,2025.1.1,60.034712069252784,2025-09-10 21h32.35.541605 +0530,
64,0,64,down,1,0.9203226999379694,None,0,up,64,0,64,0,106.05359590006992,,106.03782330011018,106.05359590006992,107.05283479997888,107.05283479997888,107.98571250005625,down,1,0.9203226999379694,None,0,up,693489,001,2025-09-10_21h32.30.453,single detection,,2025.1.1,60.034712069252784,2025-09-10 21h32.35.541605 +0530,
65,0,65,up,1,0.48686280008405447,None,0,up,65,0,65,0,108.00197350000963,,107.98607390001416,108.00197350000963,109.00130430003628,109.00130430003628,109.50133979995735,up,1,0.48686280008405447,None,0,up,693489,001,2025-09-10_21h32.30.453,single detection,,2025.1.1,60.034712069252784,2025-09-10 21h32.35.541605 +0530,
66,0,66,up,1,0.5790961000602692,None,0,up,66,0,66,0,109.5174189999234,,109.5017146000173,109.5174189999234,110.5166837000288,110.5166837000288,111.09997510001995,up,1,0.5790961000602692,None,0,up,693489,001,2025-09-10_21h32.30.453,single detection,,2025.1.1,60.034712069252784,2025-09-10 21h32.35.541605 +0530,
67,0,67,down,0,1.6790398000739515,None,-3,down,67,0,67,0,111.1160494000651,,111.1003139000386,111.1160494000651,112.1315027999226,112.11496779997833,113.79758669994771,down,0,1.6790398000739515,None,-3,down,693489,001,2025-09-10_21h32.30.453,single detection,,2025.1.1,60.034712069252784,2025-09-10 21h32.35.541605 +0530,
68,0,68,up,0,0.7279933001846075,None,0,up,68,0,68,0,113.81388449994847,,113.79789780010469,113.81388449994847,114.81305760005489,114.81305760005489,115.54649189999327,up,0,0.7279933001846075,None,0,up,693489,001,2025-09-10_21h32.30.453,single detection,,2025.1.1,60.034712069252784,2025-09-10 21h32.35.541605 +0530,
69,0,69,up,1,0.6923779000062495,None,0,up,69,0,69,0,115.56235070014372,,115.54708239994943,115.56235070014372,116.56167889991775,116.56167889991775,117.2615912000183,up,1,0.6923779000062495,None,0,up,693489,001,2025-09-10_21h32.30.453,single detection,,2025.1.1,60.034712069252784,2025-09-10 21h32.35.541605 +0530,
70,0,70,up,1,0.43489670008420944,None,0,up,70,0,70,0,117.27773059997708,,117.26196840009652,117.27773059997708,118.27693839999847,118.27693839999847,118.72708959993906,up,1,0.43489670008420944,None,0,up,693489,001,2025-09-10_21h32.30.453,single detection,,2025.1.1,60.034712069252784,2025-09-10 21h32.35.541605 +0530,
71,0,71,up,1,0.28209280013106763,None,0,up,71,0,71,0,118.74300320004113,,118.72749490011483,118.74300320004113,119.74247800000012,119.74247800000012,120.02621929999441,up,1,0.28209280013106763,None,0,up,693489,001,2025-09-10_21h32.30.453,single detection,,2025.1.1,60.034712069252784,2025-09-10 21h32.35.541605 +0530,
72,0,72,up,1,0.41760749998502433,None,0,up,72,0,72,0,120.04207600001246,,120.0266015001107,120.04207600001246,121.05805350001901,121.04137629992329,121.4747486000415,up,1,0.41760749998502433,None,0,up,693489,001,2025-09-10_21h32.30.453,single detection,,2025.1.1,60.034712069252784,2025-09-10 21h32.35.541605 +0530,
73,0,73,down,0,0.3110764999873936,None,0,up,73,0,73,0,121.49082579999231,,121.47517709992826,121.49082579999231,122.49009139998816,122.49009139998816,122.80708350008354,down,0,0.3110764999873936,None,0,up,693489,001,2025-09-10_21h32.30.453,single detection,,2025.1.1,60.034712069252784,2025-09-10 21h32.35.541605 +0530,
74,0,74,up,1,1.3529596999287605,None,-5,down,74,0,74,0,122.82316419994459,,122.8074634000659,122.82316419994459,123.8221430000849,123.8221430000849,125.18844590010121,up,1,1.3529596999287605,None,-5,down,693489,001,2025-09-10_21h32.30.453,single detection,,2025.1.1,60.034712069252784,2025-09-10 21h32.35.541605 +0530,
75,0,75,up,0,2.9175468999892473,None,0,up,75,0,75,0,125.20455639995635,,125.1888427999802,125.20455639995635,126.20376980002038,126.20376980002038,129.13523710006848,up,0,2.9175468999892473,None,0,up,693489,001,2025-09-10_21h32.30.453,single detection,,2025.1.1,60.034712069252784,2025-09-10 21h32.35.541605 +0530,
76,0,76,up,1,0.7341407998465002,None,4,down,76,0,76,0,129.15118500008248,,129.13570550014265,129.15118500008248,130.1505966000259,130.1505966000259,130.9004385001026,up,1,0.7341407998465002,None,4,down,693489,001,2025-09-10_21h32.30.453,single detection,,2025.1.1,60.034712069252784,2025-09-10 21h32.35.541605 +0530,
77,0,77,up,0,0.6389543998520821,None,0,up,77,0,77,0,130.91649540001526,,130.90083699999377,130.91649540001526,131.91576300002635,131.91576300002635,132.56562140001915,up,0,0.6389543998520821,None,0,up,693489,001,2025-09-10_21h32.30.453,single detection,,2025.1.1,60.034712069252784,2025-09-10 21h32.35.541605 +0530,
78,0,78,up,1,0.4800626998767257,None,-5,down,78,0,78,0,132.5815419999417,,132.56598630012013,132.5815419999417,133.5810492001474,133.5810492001474,134.0644888000097,up,1,0.4800626998767257,None,-5,down,693489,001,2025-09-10_21h32.30.453,single detection,,2025.1.1,60.034712069252784,2025-09-10 21h32.35.541605 +0530,
79,0,79,up,0,0.8583342998754233,None,0,up,79,0,79,0,134.08062879997306,,134.06488150008954,134.08062879997306,135.07982910005376,135.07982910005376,135.9463337000925,up,0,0.8583342998754233,None,0,up,693489,001,2025-09-10_21h32.30.453,single detection,,2025.1.1,60.034712069252784,2025-09-10 21h32.35.541605 +0530,
80,0,80,up,1,2.1135191000066698,None,0,up,80,0,80,0,135.96216870006174,,135.9467120000627,135.96216870006174,136.9616002999246,136.9616002999246,139.07668940001167,up,1,2.1135191000066698,None,0,up,693489,001,2025-09-10_21h32.30.453,single detection,,2025.1.1,60.034712069252784,2025-09-10 21h32.35.541605 +0530,
81,0,81,up,1,0.43378179986029863,None,1,down,81,0,81,0,139.09301870013587,,139.0769706000574,139.09301870013587,140.09233910008334,140.09233910008334,140.5425380000379,up,1,0.43378179986029863,None,1,down,693489,001,2025-09-10_21h32.30.453,single detection,,2025.1.1,60.034712069252784,2025-09-10 21h32.35.541605 +0530,
82,0,82,up,0,0.49228219990618527,None,0,up,82,0,82,0,140.5585819000844,,140.54292830009945,140.5585819000844,141.55775679997168,141.55775679997168,142.0579252000898,up,0,0.49228219990618527,None,0,up,693489,001,2025-09-10_21h32.30.453,single detection,,2025.1.1,60.034712069252784,2025-09-10 21h32.35.541605 +0530,
83,0,83,up,1,0.500890800030902,None,0,up,83,0,83,0,142.07397209992632,,142.0582711000461,142.07397209992632,143.0732541999314,143.0732541999314,143.5900165999774,up,1,0.500890800030902,None,0,up,693489,001,2025-09-10_21h32.30.453,single detection,,2025.1.1,60.034712069252784,2025-09-10 21h32.35.541605 +0530,
84,0,84,up,1,0.5877501999493688,None,0,up,84,0,84,0,143.6060363999568,,143.59039449994452,143.6060363999568,144.6052631000057,144.6052631000057,145.20509540010244,up,1,0.5877501999493688,None,0,up,693489,001,2025-09-10_21h32.30.453,single detection,,2025.1.1,60.034712069252784,2025-09-10 21h32.35.541605 +0530,
85,0,85,up,1,0.7713780999183655,None,-2,down,85,0,85,0,145.22143190004863,,145.20547310006805,145.22143190004863,146.22067499998957,146.22067499998957,147.00384499994107,up,1,0.7713780999183655,None,-2,down,693489,001,2025-09-10_21h32.30.453,single detection,,2025.1.1,60.034712069252784,2025-09-10 21h32.35.541605 +0530,
86,0,86,down,1,0.8668069001287222,None,-3,down,86,0,86,0,147.01994540006854,,147.00428470014594,147.01994540006854,148.01906580012292,148.01906580012292,148.9024082000833,down,1,0.8668069001287222,None,-3,down,693489,001,2025-09-10_21h32.30.453,single detection,,2025.1.1,60.034712069252784,2025-09-10 21h32.35.541605 +0530,
87,0,87,up,0,0.6964581999927759,None,1,down,87,0,87,0,148.91848170012236,,148.9028056000825,148.91848170012236,149.93405340006575,149.91759110009298,150.61751949996687,up,0,0.6964581999927759,None,1,down,693489,001,2025-09-10_21h32.30.453,single detection,,2025.1.1,60.034712069252784,2025-09-10 21h32.35.541605 +0530,
88,0,88,up,0,0.3061053999699652,None,2,down,88,0,88,0,150.63359380001202,,150.61791669996455,150.63359380001202,151.63291639997624,151.63291639997624,151.94951659999788,up,0,0.3061053999699652,None,2,down,693489,001,2025-09-10_21h32.30.453,single detection,,2025.1.1,60.034712069252784,2025-09-10 21h32.35.541605 +0530,
89,0,89,up,0,0.29396299994550645,None,0,up,89,0,89,0,151.96584700001404,,151.94993470003828,151.96584700001404,152.96509790001437,152.96509790001437,153.26538549992256,up,0,0.29396299994550645,None,0,up,693489,001,2025-09-10_21h32.30.453,single detection,,2025.1.1,60.034712069252784,2025-09-10 21h32.35.541605 +0530,
90,0,90,up,1,0.267398800002411,None,0,up,90,0,90,0,153.281495800009,,153.2657329000067,153.281495800009,154.28075279993936,154.28075279993936,154.56436079996638,up,1,0.267398800002411,None,0,up,693489,001,2025-09-10_21h32.30.453,single detection,,2025.1.1,60.034712069252784,2025-09-10 21h32.35.541605 +0530,
91,0,91,up,1,0.3241298000793904,None,0,up,91,0,91,0,154.58043790003285,,154.56464440003037,154.58043790003285,155.57970850006677,155.57970850006677,155.9133818000555,up,1,0.3241298000793904,None,0,up,693489,001,2025-09-10_21h32.30.453,single detection,,2025.1.1,60.034712069252784,2025-09-10 21h32.35.541605 +0530,
92,0,92,up,1,0.696708400035277,None,-5,down,92,0,92,0,155.92936559999362,,155.91379230003804,155.92936559999362,156.94499949994497,156.92831790004857,157.62819440010935,up,1,0.696708400035277,None,-5,down,693489,001,2025-09-10_21h32.30.453,single detection,,2025.1.1,60.034712069252784,2025-09-10 21h32.35.541605 +0530,
93,0,93,up,0,0.6112999999895692,None,2,down,93,0,93,0,157.6443640999496,,157.6284761999268,157.6443640999496,158.6437908001244,158.6437908001244,159.26046070014127,up,0,0.6112999999895692,None,2,down,693489,001,2025-09-10_21h32.30.453,single detection,,2025.1.1,60.034712069252784,2025-09-10 21h32.35.541605 +0530,
94,0,94,down,1,0.369064399972558,None,0,up,94,0,94,0,159.2764544999227,,159.26089809997939,159.2764544999227,160.29198320000432,160.2754216999747,160.65916700009257,down,1,0.369064399972558,None,0,up,693489,001,2025-09-10_21h32.30.453,single detection,,2025.1.1,60.034712069252784,2025-09-10 21h32.35.541605 +0530,
95,0,95,up,1,0.0380542001221329,None,0,up,95,0,95,0,160.6751803001389,,160.65948810009286,160.6751803001389,161.67470510001294,161.67470510001294,161.7252007999923,up,1,0.0380542001221329,None,0,up,693489,001,2025-09-10_21h32.30.453,single detection,,2025.1.1,60.034712069252784,2025-09-10 21h32.35.541605 +0530,
96,0,96,up,1,0.24465580005198717,None,0,up,96,0,96,0,161.74114320008084,,161.7256245999597,161.74114320008084,162.74040709994733,162.74040709994733,162.99073630012572,up,1,0.24465580005198717,None,0,up,693489,001,2025-09-10_21h32.30.453,single detection,,2025.1.1,60.034712069252784,2025-09-10 21h32.35.541605 +0530,
97,0,97,up,1,0.29106459999457,None,0,up,97,0,97,0,163.0068066001404,,162.99111229996197,163.0068066001404,164.00596450013109,164.00596450013109,164.30633029993623,up,1,0.29106459999457,None,0,up,693489,001,2025-09-10_21h32.30.453,single detection,,2025.1.1,60.034712069252784,2025-09-10 21h32.35.541605 +0530,
98,0,98,up,1,1.3995540000032634,None,-5,down,98,0,98,0,164.3223588000983,,164.30671030003577,164.3223588000983,165.32167430012487,165.32167430012487,166.73748250002973,up,1,1.3995540000032634,None,-5,down,693489,001,2025-09-10_21h32.30.453,single detection,,2025.1.1,60.034712069252784,2025-09-10 21h32.35.541605 +0530,
99,0,99,up,0,0.0010303999297320843,None,-3,down,99,0,99,0,166.7537712000776,,166.7378771000076,166.7537712000776,167.75291180005297,167.75291180005297,167.77002790011466,up,0,0.0010303999297320843,None,-3,down,693489,001,2025-09-10_21h32.30.453,single detection,,2025.1.1,60.034712069252784,2025-09-10 21h32.35.541605 +0530,
