stair.thisTrialN,stair.response,stair.stepSize,stair.intensity,Change ,Reversal,Reversal Points,Threshold,thisRow.t,notes,trial.started,fixation.started,grating.started,key_resp.started,fixation.stopped,grating.stopped,trial.stopped,CorrAns,tilt,key_resp.corr,stair.response,key_resp.rt,participant,session,date,expName,expVersion,psychopyVersion,frameRate,expStart
0,1,2,10,-2,Reversal,10,17.5,0.0279199,,0.0112056,0.0279199,0.5125784,0.5125784,0.5287463,0.8287667,1.3477064,right,10,1,1,0.8162645,908871,1,2025-09-04_21h31.38.648,Adap.Stair,,2025.1.1,60.23185654,2025-09-04 21h31.39.792505 +0530
1,0,1,8,1,,20,,1.360453,,1.3478213,1.360453,1.8604349,1.8604349,1.8604349,,2.1108526,right,8,0,0,0.2411447,908871,1,2025-09-04_21h31.38.648,Adap.Stair,,2025.1.1,60.23185654,2025-09-04 21h31.39.792505 +0530
2,1,1,9,0,,20,,2.1267653,,2.1110227,2.1267653,2.6097462,2.6097462,2.6263053,,2.876436,left,-9,1,1,0.2575548,908871,1,2025-09-04_21h31.38.648,Adap.Stair,,2025.1.1,60.23185654,2025-09-04 21h31.39.792505 +0530
3,0,1,9,1,,20,,2.8927572,,2.876575,2.8927572,3.3756888,3.3756888,3.392542,,3.4753069,right,9,0,0,0.0990405,908871,1,2025-09-04_21h31.38.648,Adap.Stair,,2025.1.1,60.23185654,2025-09-04 21h31.39.792505 +0530
4,0,1,10,1,,,,3.4917737,,3.4754286,3.4917737,3.9750152,3.9750152,3.9921623,4.2755779,5.1245198,left,-10,0,0,1.1374662,908871,1,2025-09-04_21h31.38.648,Adap.Stair,,2025.1.1,60.23185654,2025-09-04 21h31.39.792505 +0530
5,0,1,11,1,,,,5.1414922,,5.1247847,5.1414922,5.6242838,5.6242838,5.6407912,5.9242112,6.0570459,left,-11,0,0,0.4198106,908871,1,2025-09-04_21h31.38.648,Adap.Stair,,2025.1.1,60.23185654,2025-09-04 21h31.39.792505 +0530
6,1,1,12,0,,,,6.073719,,6.0572033,6.073719,6.5724756,6.5724756,6.5897893,6.8726869,6.9067403,right,12,1,1,0.3276562,908871,1,2025-09-04_21h31.38.648,Adap.Stair,,2025.1.1,60.23185654,2025-09-04 21h31.39.792505 +0530
7,0,1,12,1,,,,6.9229286,,6.9069066,6.9229286,7.4059513,7.4059513,7.422862,7.7054366,8.2569813,right,12,0,0,0.8489642,908871,1,2025-09-04_21h31.38.648,Adap.Stair,,2025.1.1,60.23185654,2025-09-04 21h31.39.792505 +0530
8,0,1,13,1,,,,8.2716222,,8.2571494,8.2716222,8.7713606,8.7713606,8.7713606,9.0717387,9.1383461,left,-13,0,0,0.3601461,908871,1,2025-09-04_21h31.38.648,Adap.Stair,,2025.1.1,60.23185654,2025-09-04 21h31.39.792505 +0530
9,0,1,14,1,,,,9.1543639,,9.1385208,9.1543639,9.654407,9.654407,9.654407,9.9543599,10.1045001,right,14,0,0,0.4430975,908871,1,2025-09-04_21h31.38.648,Adap.Stair,,2025.1.1,60.23185654,2025-09-04 21h31.39.792505 +0530
10,1,1,15,0,,,,10.1203214,,10.1047542,10.1203214,10.6195781,10.6195781,10.636722,10.9193058,10.9697268,right,15,1,1,0.346812,908871,1,2025-09-04_21h31.38.648,Adap.Stair,,2025.1.1,60.23185654,2025-09-04 21h31.39.792505 +0530
11,1,1,15,0,,,,10.9863012,,10.9698781,10.9863012,11.469154,11.469154,11.4856499,,11.7035982,right,15,1,1,0.2275919,908871,1,2025-09-04_21h31.38.648,Adap.Stair,,2025.1.1,60.23185654,2025-09-04 21h31.39.792505 +0530
12,1,1,15,-1,,,,11.7192062,,11.7038746,11.7192062,12.2192877,12.2192877,12.2192877,,12.3866783,right,15,1,1,0.1568226,908871,1,2025-09-04_21h31.38.648,Adap.Stair,,2025.1.1,60.23185654,2025-09-04 21h31.39.792505 +0530
13,1,1,14,0,,,,12.4021505,,12.3869706,12.4021505,12.9019595,12.9019595,12.9019595,,13.1699344,right,14,1,1,0.263819,908871,1,2025-09-04_21h31.38.648,Adap.Stair,,2025.1.1,60.23185654,2025-09-04 21h31.39.792505 +0530
14,0,0.5,14,0.5,,,,13.1848649,,13.1702226,13.1848649,13.6844569,13.6844569,13.6844569,,13.8854898,right,14,0,0,0.1895285,908871,1,2025-09-04_21h31.38.648,Adap.Stair,,2025.1.1,60.23185654,2025-09-04 21h31.39.792505 +0530
15,0,0.5,14.5,0.5,,,,13.9010832,,13.8857832,13.9010832,14.4009074,14.4009074,14.4009074,14.7003798,14.6851984,left,-14.5,0,0,0.2803964,908871,1,2025-09-04_21h31.38.648,Adap.Stair,,2025.1.1,60.23185654,2025-09-04 21h31.39.792505 +0530
16,0,0.5,15,0.5,,,,14.7003798,,14.6854715,14.7003798,15.2000588,15.2000588,15.2000588,15.4996617,15.4840829,left,-15,0,0,0.2750169,908871,1,2025-09-04_21h31.38.648,Adap.Stair,,2025.1.1,60.23185654,2025-09-04 21h31.39.792505 +0530
17,1,0.5,15.5,0,,,,15.4996617,,15.4843847,15.4996617,15.9994684,15.9994684,15.9994684,16.2990655,16.3830319,left,-15.5,1,1,0.3751119,908871,1,2025-09-04_21h31.38.648,Adap.Stair,,2025.1.1,60.23185654,2025-09-04 21h31.39.792505 +0530
18,1,0.5,15.5,0,,,,16.3991253,,16.3833328,16.3991253,16.899017,16.899017,16.899017,17.198894,17.182753,left,-15.5,1,1,0.2766929,908871,1,2025-09-04_21h31.38.648,Adap.Stair,,2025.1.1,60.23185654,2025-09-04 21h31.39.792505 +0530
19,1,0.5,15.5,-0.5,,,,17.198894,,17.1831416,17.198894,17.6977493,17.6977493,17.6977493,,17.9322507,left,-15.5,1,1,0.2289333,908871,1,2025-09-04_21h31.38.648,Adap.Stair,,2025.1.1,60.23185654,2025-09-04 21h31.39.792505 +0530
20,1,0.5,15,0,,,,17.9477532,,17.9325521,17.9477532,18.4474731,18.4474731,18.4474731,,18.7146533,left,-15,1,1,0.2601261,908871,1,2025-09-04_21h31.38.648,Adap.Stair,,2025.1.1,60.23185654,2025-09-04 21h31.39.792505 +0530
21,0,0.5,15,0.5,,,,18.7306483,,18.7149196,18.7306483,19.229959,19.229959,19.229959,19.5294822,19.5136396,left,-15,0,0,0.2741428,908871,1,2025-09-04_21h31.38.648,Adap.Stair,,2025.1.1,60.23185654,2025-09-04 21h31.39.792505 +0530
22,0,0.5,15.5,0.5,,,,19.5294822,,19.513921,19.5294822,20.0294944,20.0294944,20.0294944,,20.2626989,left,-15.5,0,0,0.2241331,908871,1,2025-09-04_21h31.38.648,Adap.Stair,,2025.1.1,60.23185654,2025-09-04 21h31.39.792505 +0530
23,0,0.5,16,0.5,,,,20.2789338,,20.2629688,20.2789338,20.7624605,20.7624605,20.7787032,,21.0120586,left,-16,0,0,0.232335,908871,1,2025-09-04_21h31.38.648,Adap.Stair,,2025.1.1,60.23185654,2025-09-04 21h31.39.792505 +0530
24,1,0.5,16.5,0,,,,21.0280756,,21.0123332,21.0280756,21.5116042,21.5116042,21.5282538,21.811696,21.9959656,left,-16.5,1,1,0.4820462,908871,1,2025-09-04_21h31.38.648,Adap.Stair,,2025.1.1,60.23185654,2025-09-04 21h31.39.792505 +0530
25,0,0.5,16.5,0.5,,,,22.0110572,,21.9963567,22.0110572,22.5109211,22.5109211,22.5109211,22.8105932,22.9110391,right,16.5,0,0,0.3894302,908871,1,2025-09-04_21h31.38.648,Adap.Stair,,2025.1.1,60.23185654,2025-09-04 21h31.39.792505 +0530
26,0,0.5,17,0.5,,,,22.926944,,22.9113315,22.926944,23.4100182,23.4100182,23.4266871,23.7097484,23.7106048,right,17,0,0,0.2859166,908871,1,2025-09-04_21h31.38.648,Adap.Stair,,2025.1.1,60.23185654,2025-09-04 21h31.39.792505 +0530
27,1,0.5,17.5,0,,,,23.7262691,,23.7111448,23.7262691,24.2262134,24.2262134,24.2262134,,24.4601226,right,17.5,1,1,0.2209556,908871,1,2025-09-04_21h31.38.648,Adap.Stair,,2025.1.1,60.23185654,2025-09-04 21h31.39.792505 +0530
28,0,0.5,17.5,0.5,,,,24.4753808,,24.4604212,24.4753808,24.9754112,24.9754112,24.9754112,25.2751131,26.0917202,left,-17.5,0,0,1.1004191,908871,1,2025-09-04_21h31.38.648,Adap.Stair,,2025.1.1,60.23185654,2025-09-04 21h31.39.792505 +0530
29,0,0.5,18,0.5,,,,26.1084088,,26.092027,26.1084088,26.6071497,26.6071497,26.6241243,26.9071074,27.0252202,left,-18,0,0,0.4174832,908871,1,2025-09-04_21h31.38.648,Adap.Stair,,2025.1.1,60.23185654,2025-09-04 21h31.39.792505 +0530
30,0,0.5,18.5,0.5,,,,27.0410133,,27.0255049,27.0410133,27.5400048,27.5400048,27.5566039,27.8396605,27.9244146,right,18.5,0,0,0.3801332,908871,1,2025-09-04_21h31.38.648,Adap.Stair,,2025.1.1,60.23185654,2025-09-04 21h31.39.792505 +0530
31,0,0.5,19,0.5,,,,27.9394615,,27.9246988,27.9394615,28.4392248,28.4392248,28.4392248,,28.4569654,right,19,0,0,0.0094665,908871,1,2025-09-04_21h31.38.648,Adap.Stair,,2025.1.1,60.23185654,2025-09-04 21h31.39.792505 +0530
32,1,0.5,19.5,0,,,,28.4725544,,28.4572524,28.4725544,28.9718559,28.9718559,28.9718559,,29.0230716,right,19.5,1,1,0.0421022,908871,1,2025-09-04_21h31.38.648,Adap.Stair,,2025.1.1,60.23185654,2025-09-04 21h31.39.792505 +0530
33,0,0.5,19.5,0.5,,,,29.038396,,29.0233446,29.038396,29.5383456,29.5383456,29.5383456,29.8378003,29.9909794,left,-19.5,0,0,0.4488702,908871,1,2025-09-04_21h31.38.648,Adap.Stair,,2025.1.1,60.23185654,2025-09-04 21h31.39.792505 +0530
34,1,0.5,20,0,,,,30.0044334,,29.9912606,30.0044334,30.5057031,30.5057031,30.5057031,30.8207397,31.071955,left,-20,1,1,0.5636192,908871,1,2025-09-04_21h31.38.648,Adap.Stair,,2025.1.1,60.23185654,2025-09-04 21h31.39.792505 +0530
35,1,0.5,20,0,,,,31.0872897,,31.07224,31.0872897,31.5870135,31.5870135,31.5870135,31.8861869,32.0035236,right,20,1,1,0.4037338,908871,1,2025-09-04_21h31.38.648,Adap.Stair,,2025.1.1,60.23185654,2025-09-04 21h31.39.792505 +0530
36,1,0.5,20,-0.5,,,,32.0194351,,32.0038001,32.0194351,32.5191515,32.5191515,32.5191515,32.8188297,32.8365243,left,-20,1,1,0.3033769,908871,1,2025-09-04_21h31.38.648,Adap.Stair,,2025.1.1,60.23185654,2025-09-04 21h31.39.792505 +0530
37,1,0.5,19.5,0,,,,32.8520488,,32.8373104,32.8520488,33.3518945,33.3518945,33.3518945,33.6513281,33.7192478,left,-19.5,1,1,0.3648491,908871,1,2025-09-04_21h31.38.648,Adap.Stair,,2025.1.1,60.23185654,2025-09-04 21h31.39.792505 +0530
38,0,0.5,19.5,0.5,,,,33.7348166,,33.7195407,33.7348166,34.2346459,34.2346459,34.2346459,,34.4687263,right,19.5,0,0,0.2285475,908871,1,2025-09-04_21h31.38.648,Adap.Stair,,2025.1.1,60.23185654,2025-09-04 21h31.39.792505 +0530
39,0,0.5,20,0,,,,34.4839263,,34.4690302,34.4839263,34.9840172,34.9840172,34.9840172,35.2837213,35.2682565,left,-20,0,0,0.2808073,908871,1,2025-09-04_21h31.38.648,Adap.Stair,,2025.1.1,60.23185654,2025-09-04 21h31.39.792505 +0530
40,1,0.5,20,0,,,,35.2837213,,35.2685334,35.2837213,35.7830933,35.7830933,35.7830933,36.0829972,37.2166361,right,20,1,1,1.4288386,908871,1,2025-09-04_21h31.38.648,Adap.Stair,,2025.1.1,60.23185654,2025-09-04 21h31.39.792505 +0530
41,1,0.5,20,0,,,,37.2320147,,37.2169442,37.2320147,37.7316266,37.7316266,37.7316266,,37.9824503,left,-20,1,1,0.2470539,908871,1,2025-09-04_21h31.38.648,Adap.Stair,,2025.1.1,60.23185654,2025-09-04 21h31.39.792505 +0530
42,1,0.5,20,-0.5,,,,37.9976807,,37.9827234,37.9976807,38.4975686,38.4975686,38.4975686,38.7980016,38.7815844,left,-20,1,1,0.2753192,908871,1,2025-09-04_21h31.38.648,Adap.Stair,,2025.1.1,60.23185654,2025-09-04 21h31.39.792505 +0530
43,1,0.5,19.5,0,,,,38.7980016,,38.7818807,38.7980016,39.2969191,39.2969191,39.31557,39.5966503,39.7468604,left,-19.5,1,1,0.445406,908871,1,2025-09-04_21h31.38.648,Adap.Stair,,2025.1.1,60.23185654,2025-09-04 21h31.39.792505 +0530
44,0,0.5,19.5,0.5,,,,39.7631265,,39.7471663,39.7631265,40.2461489,40.2461489,40.262763,40.5453949,40.563129,right,19.5,0,0,0.3132067,908871,1,2025-09-04_21h31.38.648,Adap.Stair,,2025.1.1,60.23185654,2025-09-04 21h31.39.792505 +0530
45,1,0.5,20,0,,,,40.57881,,40.563385,40.57881,41.0787537,41.0787537,41.0787537,41.3787076,41.5458017,right,20,1,1,0.4523375,908871,1,2025-09-04_21h31.38.648,Adap.Stair,,2025.1.1,60.23185654,2025-09-04 21h31.39.792505 +0530
46,1,0.5,20,0,,,,41.5619206,,41.5461183,41.5619206,42.0612532,42.0612532,42.0612532,42.3609075,42.3785145,right,20,1,1,0.3104364,908871,1,2025-09-04_21h31.38.648,Adap.Stair,,2025.1.1,60.23185654,2025-09-04 21h31.39.792505 +0530
47,0,0.5,20,0,,,,42.3941853,,42.3788103,42.3941853,42.8940208,42.8940208,42.8940208,43.1936309,43.1944693,left,-20,0,0,0.2872765,908871,1,2025-09-04_21h31.38.648,Adap.Stair,,2025.1.1,60.23185654,2025-09-04 21h31.39.792505 +0530
48,1,0.5,20,0,,,,43.2102237,,43.1947625,43.2102237,43.7099867,43.7099867,43.7099867,44.0094671,43.9937841,right,20,1,1,0.2732294,908871,1,2025-09-04_21h31.38.648,Adap.Stair,,2025.1.1,60.23185654,2025-09-04 21h31.39.792505 +0530
49,1,0.5,20,0,,,,44.0094671,,43.9940458,44.0094671,44.5093339,44.5093339,44.5093339,,44.7101043,left,-20,1,1,0.1940848,908871,1,2025-09-04_21h31.38.648,Adap.Stair,,2025.1.1,60.23185654,2025-09-04 21h31.39.792505 +0530
50,0,0.5,20,0,,,,44.7260522,,44.7103974,44.7260522,45.2254088,45.2254088,45.2254088,,45.4432685,left,-20,0,0,0.2138414,908871,1,2025-09-04_21h31.38.648,Adap.Stair,,2025.1.1,60.23185654,2025-09-04 21h31.39.792505 +0530
51,0,0.5,20,0,,,,45.458384,,45.4435539,45.458384,45.9581979,45.9581979,45.9581979,,46.2252449,right,20,0,0,0.2560954,908871,1,2025-09-04_21h31.38.648,Adap.Stair,,2025.1.1,60.23185654,2025-09-04 21h31.39.792505 +0530
52,0,0.5,20,0,,,,46.2410657,,46.2255649,46.2410657,46.740789,46.740789,46.740789,,47.0106507,right,20,0,0,0.2583562,908871,1,2025-09-04_21h31.38.648,Adap.Stair,,2025.1.1,60.23185654,2025-09-04 21h31.39.792505 +0530
53,1,0.5,20,0,,,,47.0248771,,47.010917,47.0248771,47.5233084,47.5233084,47.5399047,47.8239136,47.8748115,left,-20,1,1,0.3479645,908871,1,2025-09-04_21h31.38.648,Adap.Stair,,2025.1.1,60.23185654,2025-09-04 21h31.39.792505 +0530
54,1,0.5,20,0,,,,47.8898946,,47.8750953,47.8898946,48.3887402,48.3887402,48.4054496,48.6881068,49.0904147,right,20,1,1,0.6975461,908871,1,2025-09-04_21h31.38.648,Adap.Stair,,2025.1.1,60.23185654,2025-09-04 21h31.39.792505 +0530
55,1,0.5,20,-0.5,Reversal,,,49.1057421,,49.0906919,49.1057421,49.6051053,49.6051053,49.6051053,49.9045673,50.3381998,left,-20,1,1,0.7228605,908871,1,2025-09-04_21h31.38.648,Adap.Stair,,2025.1.1,60.23185654,2025-09-04 21h31.39.792505 +0530
56,0,0.5,19.5,0.5,,,,50.3542534,,50.3383932,50.3542534,50.8534972,50.8534972,50.8534972,51.1535072,51.6700477,left,-19.5,0,0,0.8038095,908871,1,2025-09-04_21h31.38.648,Adap.Stair,,2025.1.1,60.23185654,2025-09-04 21h31.39.792505 +0530
57,0,0.5,20,0,,,,51.6861388,,51.6702144,51.6861388,52.185271,52.185271,52.185271,52.4857418,52.5697914,left,-20,0,0,0.3810424,908871,1,2025-09-04_21h31.38.648,Adap.Stair,,2025.1.1,60.23185654,2025-09-04 21h31.39.792505 +0530
58,1,0.5,20,0,,,,52.5856887,,52.5699832,52.5856887,53.0846738,53.0846738,53.0846738,,53.1518864,left,-20,1,1,0.0666568,908871,1,2025-09-04_21h31.38.648,Adap.Stair,,2025.1.1,60.23185654,2025-09-04 21h31.39.792505 +0530
59,1,0.5,20,0,,,,53.1682094,,53.1520323,53.1682094,53.6516492,53.6516492,53.667833,53.9512515,54.0177899,right,20,1,1,0.3538253,908871,1,2025-09-04_21h31.38.648,Adap.Stair,,2025.1.1,60.23185654,2025-09-04 21h31.39.792505 +0530
60,0,0.5,20,0,,,,54.0337112,,54.0179854,54.0337112,54.5332754,54.5332754,54.5332754,54.8327821,54.81719,left,-20,0,0,0.2726589,908871,1,2025-09-04_21h31.38.648,Adap.Stair,,2025.1.1,60.23185654,2025-09-04 21h31.39.792505 +0530
61,1,0.5,20,0,,,,54.8327821,,54.817361,54.8327821,55.333317,55.333317,55.333317,55.6334925,55.7008116,right,20,1,1,0.3639353,908871,1,2025-09-04_21h31.38.648,Adap.Stair,,2025.1.1,60.23185654,2025-09-04 21h31.39.792505 +0530
62,1,0.5,20,0,,,,55.7162669,,55.7010079,55.7162669,56.2157347,56.2157347,56.2157347,56.5150861,56.5156232,right,20,1,1,0.2889604,908871,1,2025-09-04_21h31.38.648,Adap.Stair,,2025.1.1,60.23185654,2025-09-04 21h31.39.792505 +0530
63,1,0.5,20,-0.5,Reversal,,,56.5320784,,56.515797,56.5320784,57.015441,57.015441,57.0316937,57.3147789,57.3153156,left,-20,1,1,0.2945249,908871,1,2025-09-04_21h31.38.648,Adap.Stair,,2025.1.1,60.23185654,2025-09-04 21h31.39.792505 +0530
64,0,0.5,19.5,0.5,,,,57.3314588,,57.3154784,57.3314588,57.8307924,57.8307924,57.8307924,58.1348417,58.2646283,right,19.5,0,0,0.4268398,908871,1,2025-09-04_21h31.38.648,Adap.Stair,,2025.1.1,60.23185654,2025-09-04 21h31.39.792505 +0530
65,0,0.5,20,0,,,,58.2805013,,58.2648073,58.2805013,58.7799817,58.7799817,58.7799817,59.0799156,59.0644969,left,-20,0,0,0.2806078,908871,1,2025-09-04_21h31.38.648,Adap.Stair,,2025.1.1,60.23185654,2025-09-04 21h31.39.792505 +0530
66,0,0.5,20,0,,,,59.0799156,,59.0647535,59.0799156,59.5800253,59.5800253,59.5800253,59.8792037,59.9978903,left,-20,0,0,0.4172674,908871,1,2025-09-04_21h31.38.648,Adap.Stair,,2025.1.1,60.23185654,2025-09-04 21h31.39.792505 +0530
67,1,0.5,20,0,,,,60.0124994,,59.9980484,60.0124994,60.5117481,60.5117481,60.5117481,60.8119774,60.845475,left,-20,1,1,0.3262371,908871,1,2025-09-04_21h31.38.648,Adap.Stair,,2025.1.1,60.23185654,2025-09-04 21h31.39.792505 +0530
68,1,0.5,20,0,,,,60.8617112,,60.8456109,60.8617112,61.3453526,61.3453526,61.362329,61.645666,61.662332,left,-20,1,1,0.308175,908871,1,2025-09-04_21h31.38.648,Adap.Stair,,2025.1.1,60.23185654,2025-09-04 21h31.39.792505 +0530
69,0,0.5,20,0,,,,61.6783143,,61.6626099,61.6783143,62.161546,62.161546,62.1782024,62.4610347,62.4962311,right,20,0,0,0.3325207,908871,1,2025-09-04_21h31.38.648,Adap.Stair,,2025.1.1,60.23185654,2025-09-04 21h31.39.792505 +0530
70,0,0.5,20,0,,,,62.5111653,,62.4966109,62.5111653,63.0110917,63.0110917,63.0110917,63.3106279,63.461183,right,20,0,0,0.4373979,908871,1,2025-09-04_21h31.38.648,Adap.Stair,,2025.1.1,60.23185654,2025-09-04 21h31.39.792505 +0530
71,1,0.5,20,0,,,,63.4777674,,63.4614935,63.4777674,63.9765948,63.9765948,63.9929592,64.2767626,64.2773783,right,20,1,1,0.3000033,908871,1,2025-09-04_21h31.38.648,Adap.Stair,,2025.1.1,60.23185654,2025-09-04 21h31.39.792505 +0530
72,1,0.5,20,0,,,,64.2927309,,64.277636,64.2927309,64.7918846,64.7918846,64.7918846,65.0923009,65.1439955,right,20,1,1,0.3505016,908871,1,2025-09-04_21h31.38.648,Adap.Stair,,2025.1.1,60.23185654,2025-09-04 21h31.39.792505 +0530
73,0,0.5,20,0,,,,65.1588302,,65.1442797,65.1588302,65.6583409,65.6583409,65.6583409,,65.9093469,left,-20,0,0,0.2414243,908871,1,2025-09-04_21h31.38.648,Adap.Stair,,2025.1.1,60.23185654,2025-09-04 21h31.39.792505 +0530
74,1,0.5,20,0,,,,65.9253646,,65.9096349,65.9253646,66.4247041,66.4247041,66.4247041,66.7242891,66.7251109,left,-20,1,1,0.2906233,908871,1,2025-09-04_21h31.38.648,Adap.Stair,,2025.1.1,60.23185654,2025-09-04 21h31.39.792505 +0530
75,1,0.5,20,0,,,,66.7411267,,66.7254018,66.7411267,67.2406887,67.2406887,67.2406887,67.5407058,67.5415121,right,20,1,1,0.2936914,908871,1,2025-09-04_21h31.38.648,Adap.Stair,,2025.1.1,60.23185654,2025-09-04 21h31.39.792505 +0530
76,1,0.5,20,-0.5,Reversal,,,67.5570822,,67.5418068,67.5570822,68.0566139,68.0566139,68.0566139,68.3564914,68.357192,left,-20,1,1,0.2853217,908871,1,2025-09-04_21h31.38.648,Adap.Stair,,2025.1.1,60.23185654,2025-09-04 21h31.39.792505 +0530
77,0,0.5,19.5,0.5,,,,68.3731242,,68.3574685,68.3731242,68.8728259,68.8728259,68.8728259,,69.1234311,left,-19.5,0,0,0.2429496,908871,1,2025-09-04_21h31.38.648,Adap.Stair,,2025.1.1,60.23185654,2025-09-04 21h31.39.792505 +0530
78,0,0.5,20,0,,,,69.138853,,69.1237261,69.138853,69.6386193,69.6386193,69.6386193,69.9386318,69.9727748,right,20,0,0,0.3214123,908871,1,2025-09-04_21h31.38.648,Adap.Stair,,2025.1.1,60.23185654,2025-09-04 21h31.39.792505 +0530
79,1,0.5,20,-20,,,,69.988763,,69.9730627,69.988763,70.4880514,70.4880514,70.4880514,70.7876811,70.8548105,right,20,1,1,0.3554802,908871,1,2025-09-04_21h31.38.648,Adap.Stair,,2025.1.1,60.23185654,2025-09-04 21h31.39.792505 +0530
